Date;Filière;Valeur (GW)
2019/01/01;"Enveloppe basse";49.71679
2019/01/02;"Enveloppe basse";53.30583
2019/01/03;"Enveloppe basse";53.51208
2019/01/04;"Enveloppe basse";53.57083
2019/01/05;"Enveloppe basse";53.64708
2019/01/06;"Enveloppe basse";54.10521
2019/01/07;"Enveloppe basse";54.085
2019/01/08;"Enveloppe basse";54.505
2019/01/09;"Enveloppe basse";55.25583
2019/01/10;"Enveloppe basse";55.32854
2019/01/11;"Enveloppe basse";55.2575
2019/01/12;"Enveloppe basse";54.03822
2019/01/13;"Enveloppe basse";53.18342
2019/01/14;"Enveloppe basse";52.32833
2019/01/15;"Enveloppe basse";52.54004
2019/01/16;"Enveloppe basse";53.51462
2019/01/17;"Enveloppe basse";54.14849
2019/01/18;"Enveloppe basse";54.14625
2019/01/19;"Enveloppe basse";50.13995
2019/01/20;"Enveloppe basse";52.09755
2019/01/21;"Enveloppe basse";52.96209
2019/01/22;"Enveloppe basse";53.52854
2019/01/23;"Enveloppe basse";54.61708
2019/01/24;"Enveloppe basse";55.06734
2019/01/25;"Enveloppe basse";55.16767
2019/01/26;"Enveloppe basse";54.9813
2019/01/27;"Enveloppe basse";55.13854
2019/01/28;"Enveloppe basse";55.551
2019/01/29;"Enveloppe basse";55.75283
2019/01/30;"Enveloppe basse";55.43992
2019/01/31;"Enveloppe basse";52.67646
2019/02/01;"Enveloppe basse";55.38067
2019/02/02;"Enveloppe basse";56.44159
2019/02/03;"Enveloppe basse";54.31396
2019/02/04;"Enveloppe basse";53.33067
2019/02/05;"Enveloppe basse";53.21758
2019/02/06;"Enveloppe basse";53.2005
2019/02/07;"Enveloppe basse";53.733
2019/02/08;"Enveloppe basse";53.50425
2019/02/09;"Enveloppe basse";53.85425
2019/02/10;"Enveloppe basse";53.29649
2019/02/11;"Enveloppe basse";51.74011
2019/02/12;"Enveloppe basse";49.79079
2019/02/13;"Enveloppe basse";49.96796
2019/02/14;"Enveloppe basse";50.09566
2019/02/15;"Enveloppe basse";50.42587
2019/02/16;"Enveloppe basse";51.11692
2019/02/17;"Enveloppe basse";51.52405
2019/02/18;"Enveloppe basse";47.62247
2019/02/19;"Enveloppe basse";48.32991
2019/02/20;"Enveloppe basse";49.03642
2019/02/21;"Enveloppe basse";49.02083
2019/02/22;"Enveloppe basse";49.13425
2019/02/23;"Enveloppe basse";49.14
2019/02/24;"Enveloppe basse";48.94917
2019/02/25;"Enveloppe basse";48.2725
2019/02/26;"Enveloppe basse";48.85479
2019/02/27;"Enveloppe basse";48.79438
2019/02/28;"Enveloppe basse";48.755
2019/03/01;"Enveloppe basse";49.73958
2019/03/02;"Enveloppe basse";50.22188
2019/03/03;"Enveloppe basse";46.03649
2019/03/04;"Enveloppe basse";48.96142
2019/03/05;"Enveloppe basse";48.97
2019/03/06;"Enveloppe basse";48.79422
2019/03/07;"Enveloppe basse";47.64104
2019/03/08;"Enveloppe basse";48.97
2019/03/09;"Enveloppe basse";48.97
2019/03/10;"Enveloppe basse";48.48021
2019/03/11;"Enveloppe basse";46.45875
2019/03/12;"Enveloppe basse";46.46104
2019/03/13;"Enveloppe basse";47.28943
2019/03/14;"Enveloppe basse";45.54583
2019/03/15;"Enveloppe basse";46.79875
2019/03/16;"Enveloppe basse";46.45363
2019/03/17;"Enveloppe basse";44.44875
2019/03/18;"Enveloppe basse";46.77646
2019/03/19;"Enveloppe basse";45.40042
2019/03/20;"Enveloppe basse";46.41821
2019/03/21;"Enveloppe basse";44.90142
2019/03/22;"Enveloppe basse";45.86617
2019/03/23;"Enveloppe basse";45.65562
2019/03/24;"Enveloppe basse";43.84792
2019/03/25;"Enveloppe basse";43.52974
2019/03/26;"Enveloppe basse";46.34348
2019/03/27;"Enveloppe basse";44.83882
2019/03/28;"Enveloppe basse";44.71307
2019/03/29;"Enveloppe basse";45.4443
2019/03/30;"Enveloppe basse";46.26417
2019/03/31;"Enveloppe basse";44.75204
2019/04/01;"Enveloppe basse";44.12383
2019/04/02;"Enveloppe basse";44.45667
2019/04/03;"Enveloppe basse";44.347
2019/04/04;"Enveloppe basse";45.74562
2019/04/05;"Enveloppe basse";45.64633
2019/04/06;"Enveloppe basse";45.09979
2019/04/07;"Enveloppe basse";42.84979
2019/04/08;"Enveloppe basse";42.50741
2019/04/09;"Enveloppe basse";43.35563
2019/04/10;"Enveloppe basse";44.02438
2019/04/11;"Enveloppe basse";44.26763
2019/04/12;"Enveloppe basse";43.39584
2019/04/13;"Enveloppe basse";44.43667
2019/04/14;"Enveloppe basse";44.43
2019/04/15;"Enveloppe basse";43.545
2019/04/16;"Enveloppe basse";41.27833
2019/04/17;"Enveloppe basse";43.78717
2019/04/18;"Enveloppe basse";43.86313
2019/04/19;"Enveloppe basse";43.40483
2019/04/20;"Enveloppe basse";43.62833
2019/04/21;"Enveloppe basse";43.08416
2019/04/22;"Enveloppe basse";40.26876
2019/04/23;"Enveloppe basse";43.14729
2019/04/24;"Enveloppe basse";43.502
2019/04/25;"Enveloppe basse";43.62283
2019/04/26;"Enveloppe basse";44.00792
2019/04/27;"Enveloppe basse";44.25729
2019/04/28;"Enveloppe basse";42.9078
2019/04/29;"Enveloppe basse";42.50659
2019/04/30;"Enveloppe basse";42.97075
2019/05/01;"Enveloppe basse";43.34
2019/05/02;"Enveloppe basse";43.30583
2019/05/03;"Enveloppe basse";43.52658
2019/05/04;"Enveloppe basse";43.40975
2019/05/05;"Enveloppe basse";40.41687
2019/05/06;"Enveloppe basse";40.6075
2019/05/07;"Enveloppe basse";40.50558
2019/05/08;"Enveloppe basse";38.75293
2019/05/09;"Enveloppe basse";40.545
2019/05/10;"Enveloppe basse";41.86292
2019/05/11;"Enveloppe basse";42.23458
2019/05/12;"Enveloppe basse";41.27024
2019/05/13;"Enveloppe basse";41.74337
2019/05/14;"Enveloppe basse";38.35333
2019/05/15;"Enveloppe basse";36.52333
2019/05/16;"Enveloppe basse";40.29646
2019/05/17;"Enveloppe basse";42.12325
2019/05/18;"Enveloppe basse";42.14008
2019/05/19;"Enveloppe basse";42.92875
2019/05/20;"Enveloppe basse";40.53646
2019/05/21;"Enveloppe basse";40.60092
2019/05/22;"Enveloppe basse";40.84479
2019/05/23;"Enveloppe basse";41.55721
2019/05/24;"Enveloppe basse";41.96708
2019/05/25;"Enveloppe basse";40.94616
2019/05/26;"Enveloppe basse";39.13853
2019/05/27;"Enveloppe basse";37.94492
2019/05/28;"Enveloppe basse";38.55638
2019/05/29;"Enveloppe basse";38.25616
2019/05/30;"Enveloppe basse";38.64512
2019/05/31;"Enveloppe basse";39.36742
2019/06/01;"Enveloppe basse";39.9145
2019/06/02;"Enveloppe basse";37.9373
2019/06/03;"Enveloppe basse";38.21629
2019/06/04;"Enveloppe basse";36.99871
2019/06/05;"Enveloppe basse";36.96908
2019/06/06;"Enveloppe basse";40.65504
2019/06/07;"Enveloppe basse";39.51116
2019/06/08;"Enveloppe basse";36.81638
2019/06/09;"Enveloppe basse";38.43034
2019/06/10;"Enveloppe basse";40.48317
2019/06/11;"Enveloppe basse";38.91466
2019/06/12;"Enveloppe basse";39.986
2019/06/13;"Enveloppe basse";39.54291
2019/06/14;"Enveloppe basse";40.42417
2019/06/15;"Enveloppe basse";40.5
2019/06/16;"Enveloppe basse";39.45999
2019/06/17;"Enveloppe basse";38.03833
2019/06/18;"Enveloppe basse";38.48896
2019/06/19;"Enveloppe basse";39.68125
2019/06/20;"Enveloppe basse";39.1875
2019/06/21;"Enveloppe basse";40.5
2019/06/22;"Enveloppe basse";41.20633
2019/06/23;"Enveloppe basse";38.60257
2019/06/24;"Enveloppe basse";39.17499
2019/06/25;"Enveloppe basse";39.26186
2019/06/26;"Enveloppe basse";39.40625
2019/06/27;"Enveloppe basse";39.5075
2019/06/28;"Enveloppe basse";39.872
2019/06/29;"Enveloppe basse";40.51379
2019/06/30;"Enveloppe basse";38.86255
2019/07/01;"Enveloppe basse";36.15129
2019/07/02;"Enveloppe basse";35.79988
2019/07/03;"Enveloppe basse";35.50104
2019/07/04;"Enveloppe basse";36.74312
2019/07/05;"Enveloppe basse";37.07041
2019/07/06;"Enveloppe basse";38.98053
2019/07/07;"Enveloppe basse";39.37334
2019/07/08;"Enveloppe basse";37.8913
2019/07/09;"Enveloppe basse";39.82303
2019/07/10;"Enveloppe basse";40.22758
2019/07/11;"Enveloppe basse";40.50392
2019/07/12;"Enveloppe basse";40.98767
2019/07/13;"Enveloppe basse";40.74958
2019/07/14;"Enveloppe basse";38.42008
2019/07/15;"Enveloppe basse";38.97896
2019/07/16;"Enveloppe basse";38.42771
2019/07/17;"Enveloppe basse";37.73708
2019/07/18;"Enveloppe basse";37.2852
2019/07/19;"Enveloppe basse";38.74504
2019/07/20;"Enveloppe basse";38.23204
2019/07/21;"Enveloppe basse";39.5998
2019/07/22;"Enveloppe basse";40.10142
2019/07/23;"Enveloppe basse";39.62125
2019/07/24;"Enveloppe basse";38.25438
2019/07/25;"Enveloppe basse";37.46923
2019/07/26;"Enveloppe basse";36.87061
2019/07/27;"Enveloppe basse";37.51254
2019/07/28;"Enveloppe basse";38.33521
2019/07/29;"Enveloppe basse";40.162
2019/07/30;"Enveloppe basse";39.82417
2019/07/31;"Enveloppe basse";39.76358
2019/08/01;"Enveloppe basse";40.03083
2019/08/02;"Enveloppe basse";39.91688
2019/08/03;"Enveloppe basse";40.30625
2019/08/04;"Enveloppe basse";38.64333
2019/08/05;"Enveloppe basse";38.02604
2019/08/06;"Enveloppe basse";37.54188
2019/08/07;"Enveloppe basse";37.40483
2019/08/08;"Enveloppe basse";38.66966
2019/08/09;"Enveloppe basse";38.61663
2019/08/10;"Enveloppe basse";35.41937
2019/08/11;"Enveloppe basse";35.63757
2019/08/12;"Enveloppe basse";38.95083
2019/08/13;"Enveloppe basse";37.40596
2019/08/14;"Enveloppe basse";38.38271
2019/08/15;"Enveloppe basse";38.98321
2019/08/16;"Enveloppe basse";38.35375
2019/08/17;"Enveloppe basse";37.379
2019/08/18;"Enveloppe basse";37.21575
2019/08/19;"Enveloppe basse";36.89458
2019/08/20;"Enveloppe basse";38.2825
2019/08/21;"Enveloppe basse";38.52125
2019/08/22;"Enveloppe basse";38.19062
2019/08/23;"Enveloppe basse";38.50833
2019/08/24;"Enveloppe basse";37.67459
2019/08/25;"Enveloppe basse";32.87603
2019/08/26;"Enveloppe basse";32.59328
2019/08/27;"Enveloppe basse";35.05293
2019/08/28;"Enveloppe basse";33.85959
2019/08/29;"Enveloppe basse";35.54979
2019/08/30;"Enveloppe basse";38.20792
2019/08/31;"Enveloppe basse";39.20958
2019/09/01;"Enveloppe basse";37.84421
2019/09/02;"Enveloppe basse";38.07996
2019/09/03;"Enveloppe basse";38.75958
2019/09/04;"Enveloppe basse";38.10713
2019/09/05;"Enveloppe basse";37.50975
2019/09/06;"Enveloppe basse";38.3833
2019/09/07;"Enveloppe basse";38.33787
2019/09/08;"Enveloppe basse";39.16738
2019/09/09;"Enveloppe basse";39.31584
2019/09/10;"Enveloppe basse";37.06104
2019/09/11;"Enveloppe basse";37.21875
2019/09/12;"Enveloppe basse";40.04063
2019/09/13;"Enveloppe basse";40.76187
2019/09/14;"Enveloppe basse";39.94812
2019/09/15;"Enveloppe basse";39.95145
2019/09/16;"Enveloppe basse";40.67397
2019/09/17;"Enveloppe basse";37.40729
2019/09/18;"Enveloppe basse";36.826
2019/09/19;"Enveloppe basse";35.87407
2019/09/20;"Enveloppe basse";39.45768
2019/09/21;"Enveloppe basse";39.04075
2019/09/22;"Enveloppe basse";38.72459
2019/09/23;"Enveloppe basse";38.94291
2019/09/24;"Enveloppe basse";37.40583
2019/09/25;"Enveloppe basse";37.40345
2019/09/26;"Enveloppe basse";37.49675
2019/09/27;"Enveloppe basse";37.17442
2019/09/28;"Enveloppe basse";37.86147
2019/09/29;"Enveloppe basse";37.75225
2019/09/30;"Enveloppe basse";37.84729
2019/10/01;"Enveloppe basse";38.49717
2019/10/02;"Enveloppe basse";38.73125
2019/10/03;"Enveloppe basse";39.0548
2019/10/04;"Enveloppe basse";39.2315
2019/10/05;"Enveloppe basse";39.29333
2019/10/06;"Enveloppe basse";37.08459
2019/10/07;"Enveloppe basse";37.43867
2019/10/08;"Enveloppe basse";37.75909
2019/10/09;"Enveloppe basse";38.73
2019/10/10;"Enveloppe basse";39.21
2019/10/11;"Enveloppe basse";39.48709
2019/10/12;"Enveloppe basse";39.40667
2019/10/13;"Enveloppe basse";38.41875
2019/10/14;"Enveloppe basse";37.20592
2019/10/15;"Enveloppe basse";37.33403
2019/10/16;"Enveloppe basse";38.46396
2019/10/17;"Enveloppe basse";38.38396
2019/10/18;"Enveloppe basse";37.67417
2019/10/19;"Enveloppe basse";36.65538
2019/10/20;"Enveloppe basse";37.60742
2019/10/21;"Enveloppe basse";35.72879
2019/10/22;"Enveloppe basse";35.82592
2019/10/23;"Enveloppe basse";37.48237
2019/10/24;"Enveloppe basse";39.6728
2019/10/25;"Enveloppe basse";40.40525
2019/10/26;"Enveloppe basse";37.5125
2019/10/27;"Enveloppe basse";37.9896
2019/10/28;"Enveloppe basse";39.48762
2019/10/29;"Enveloppe basse";39.43609
2019/10/30;"Enveloppe basse";40.53457
2019/10/31;"Enveloppe basse";40.48208
2019/11/01;"Enveloppe basse";38.46125
2019/11/02;"Enveloppe basse";38.54041
2019/11/03;"Enveloppe basse";37.80488
2019/11/04;"Enveloppe basse";40.29208
2019/11/05;"Enveloppe basse";40.026
2019/11/06;"Enveloppe basse";40.11417
2019/11/07;"Enveloppe basse";39.6765
2019/11/08;"Enveloppe basse";40.48463
2019/11/09;"Enveloppe basse";40.02688
2019/11/10;"Enveloppe basse";39.97521
2019/11/11;"Enveloppe basse";40.2075
2019/11/12;"Enveloppe basse";40.43333
2019/11/13;"Enveloppe basse";40.59834
2019/11/14;"Enveloppe basse";40.93583
2019/11/15;"Enveloppe basse";41.005
2019/11/16;"Enveloppe basse";41.60542
2019/11/17;"Enveloppe basse";41.28021
2019/11/18;"Enveloppe basse";40.73958
2019/11/19;"Enveloppe basse";40.82625
2019/11/20;"Enveloppe basse";40.86187
2019/11/21;"Enveloppe basse";42.14688
2019/11/22;"Enveloppe basse";42.58896
2019/11/23;"Enveloppe basse";40.96042
2019/11/24;"Enveloppe basse";41.88709
2019/11/25;"Enveloppe basse";43.22083
2019/11/26;"Enveloppe basse";44.11375
2019/11/27;"Enveloppe basse";43.91001
2019/11/28;"Enveloppe basse";43.69145
2019/11/29;"Enveloppe basse";43.985
2019/11/30;"Enveloppe basse";43.68145
2019/12/01;"Enveloppe basse";42.65855
2019/12/02;"Enveloppe basse";42.64875
2019/12/03;"Enveloppe basse";44.1375
2019/12/04;"Enveloppe basse";44.83875
2019/12/05;"Enveloppe basse";43.94146
2019/12/06;"Enveloppe basse";44.39562
2019/12/07;"Enveloppe basse";45.14833
2019/12/08;"Enveloppe basse";46.14116
2019/12/09;"Enveloppe basse";46.59916
2019/12/10;"Enveloppe basse";44.01141
2019/12/11;"Enveloppe basse";47.07597
2019/12/12;"Enveloppe basse";46.38914
2019/12/13;"Enveloppe basse";43.20645
2019/12/14;"Enveloppe basse";44.69541
2019/12/15;"Enveloppe basse";43.98541
2019/12/16;"Enveloppe basse";42.09417
2019/12/17;"Enveloppe basse";41.89958
2019/12/18;"Enveloppe basse";45.45813
2019/12/19;"Enveloppe basse";47.15196
2019/12/20;"Enveloppe basse";46.47938
2019/12/21;"Enveloppe basse";46.99708
2019/12/22;"Enveloppe basse";46.3772
2019/12/23;"Enveloppe basse";46.71459
2019/12/24;"Enveloppe basse";49.59021
2019/12/25;"Enveloppe basse";48.5073
2019/12/26;"Enveloppe basse";48.85041
2019/12/27;"Enveloppe basse";50.015
2019/12/28;"Enveloppe basse";50.3798
2019/12/29;"Enveloppe basse";50.21017
2019/12/30;"Enveloppe basse";50.30183
2019/12/31;"Enveloppe basse";48.79363
2020/01/01;"Disponibilité du parc nucléaire";50.63173
2020/01/02;"Disponibilité du parc nucléaire";51.22062
2020/01/03;"Disponibilité du parc nucléaire";51.32147
2020/01/04;"Disponibilité du parc nucléaire";49.80497
2020/01/05;"Disponibilité du parc nucléaire";51.29251
2020/01/06;"Disponibilité du parc nucléaire";52.88679
2020/01/07;"Disponibilité du parc nucléaire";52.7495
2020/01/08;"Disponibilité du parc nucléaire";52.79265
2020/01/09;"Disponibilité du parc nucléaire";47.39312
2020/01/10;"Disponibilité du parc nucléaire";50.35925
2020/01/11;"Disponibilité du parc nucléaire";53.87538
2020/01/12;"Disponibilité du parc nucléaire";54.55579
2020/01/13;"Disponibilité du parc nucléaire";54.75788
2020/01/14;"Disponibilité du parc nucléaire";51.19625
2020/01/15;"Disponibilité du parc nucléaire";51.42167
2020/01/16;"Disponibilité du parc nucléaire";51.08145
2020/01/17;"Disponibilité du parc nucléaire";51.25917
2020/01/18;"Disponibilité du parc nucléaire";49.45312
2020/01/19;"Disponibilité du parc nucléaire";50.57604
2020/01/20;"Disponibilité du parc nucléaire";50.77938
2020/01/21;"Disponibilité du parc nucléaire";52.18896
2020/01/22;"Disponibilité du parc nucléaire";53.00417
2020/01/23;"Disponibilité du parc nucléaire";52.28938
2020/01/24;"Disponibilité du parc nucléaire";51.66193
2020/01/25;"Disponibilité du parc nucléaire";50.44442
2020/01/26;"Disponibilité du parc nucléaire";49.52416
2020/01/27;"Disponibilité du parc nucléaire";49.61625
2020/01/28;"Disponibilité du parc nucléaire";51.15543
2020/01/29;"Disponibilité du parc nucléaire";48.46875
2020/01/30;"Disponibilité du parc nucléaire";51.00916
2020/01/31;"Disponibilité du parc nucléaire";50.99454
2020/02/01;"Disponibilité du parc nucléaire";51.24258
2020/02/02;"Disponibilité du parc nucléaire";51.07959
2020/02/03;"Disponibilité du parc nucléaire";53.30454
2020/02/04;"Disponibilité du parc nucléaire";53.19666
2020/02/05;"Disponibilité du parc nucléaire";53.99117
2020/02/06;"Disponibilité du parc nucléaire";51.66458
2020/02/07;"Disponibilité du parc nucléaire";52.88313
2020/02/08;"Disponibilité du parc nucléaire";53.77605
2020/02/09;"Disponibilité du parc nucléaire";51.67688
2020/02/10;"Disponibilité du parc nucléaire";51.3262
2020/02/11;"Disponibilité du parc nucléaire";51.19642
2020/02/12;"Disponibilité du parc nucléaire";51.47517
2020/02/13;"Disponibilité du parc nucléaire";50.11475
2020/02/14;"Disponibilité du parc nucléaire";50.96391
2020/02/15;"Disponibilité du parc nucléaire";49.77128
2020/02/16;"Disponibilité du parc nucléaire";49.86491
2020/02/17;"Disponibilité du parc nucléaire";50.55238
2020/02/18;"Disponibilité du parc nucléaire";51.48246
2020/02/19;"Disponibilité du parc nucléaire";50.73724
2020/02/20;"Disponibilité du parc nucléaire";46.15266
2020/02/21;"Disponibilité du parc nucléaire";49.22192
2020/02/22;"Disponibilité du parc nucléaire";46.37996
2020/02/23;"Disponibilité du parc nucléaire";48.04536
2020/02/24;"Disponibilité du parc nucléaire";48.70958
2020/02/25;"Disponibilité du parc nucléaire";48.60475
2020/02/26;"Disponibilité du parc nucléaire";48.335
2020/02/27;"Disponibilité du parc nucléaire";46.2862
2020/02/28;"Disponibilité du parc nucléaire";47.91583
2020/02/29;"Disponibilité du parc nucléaire";48.155
2020/03/01;"Disponibilité du parc nucléaire";47.95462
2020/03/02;"Disponibilité du parc nucléaire";48.33062
2020/03/03;"Disponibilité du parc nucléaire";47.90375
2020/03/04;"Disponibilité du parc nucléaire";47.80208
2020/03/05;"Disponibilité du parc nucléaire";46.27354
2020/03/06;"Disponibilité du parc nucléaire";46.99184
2020/03/07;"Disponibilité du parc nucléaire";45.92891
2020/03/08;"Disponibilité du parc nucléaire";45.89379
2020/03/09;"Disponibilité du parc nucléaire";45.98283
2020/03/10;"Disponibilité du parc nucléaire";45.75342
2020/03/11;"Disponibilité du parc nucléaire";45.44483
2020/03/12;"Disponibilité du parc nucléaire";43.40891
2020/03/13;"Disponibilité du parc nucléaire";43.46933
2020/03/14;"Disponibilité du parc nucléaire";43.0162
2020/03/15;"Disponibilité du parc nucléaire";43.32354
2020/03/16;"Disponibilité du parc nucléaire";43.56579
2020/03/17;"Disponibilité du parc nucléaire";43.53516
2020/03/18;"Disponibilité du parc nucléaire";42.61892
2020/03/19;"Disponibilité du parc nucléaire";42.231
2020/03/20;"Disponibilité du parc nucléaire";41.53433
2020/03/21;"Disponibilité du parc nucléaire";41.86392
2020/03/22;"Disponibilité du parc nucléaire";40.21434
2020/03/23;"Disponibilité du parc nucléaire";41.98067
2020/03/24;"Disponibilité du parc nucléaire";41.93125
2020/03/25;"Disponibilité du parc nucléaire";42.00171
2020/03/26;"Disponibilité du parc nucléaire";41.56525
2020/03/27;"Disponibilité du parc nucléaire";40.69108
2020/03/28;"Disponibilité du parc nucléaire";40.56933
2020/03/29;"Disponibilité du parc nucléaire";38.29335
2020/03/30;"Disponibilité du parc nucléaire";40.24501
2020/03/31;"Disponibilité du parc nucléaire";40.73862
2020/04/01;"Disponibilité du parc nucléaire";42.63667
2020/04/02;"Disponibilité du parc nucléaire";44.39841
2020/04/03;"Disponibilité du parc nucléaire";42.93228
2020/04/04;"Disponibilité du parc nucléaire";42.70783
2020/04/05;"Disponibilité du parc nucléaire";39.37724
2020/04/06;"Disponibilité du parc nucléaire";41.93775
2020/04/07;"Disponibilité du parc nucléaire";45.08937
2020/04/08;"Disponibilité du parc nucléaire";44.62058
2020/04/09;"Disponibilité du parc nucléaire";42.41729
2020/04/10;"Disponibilité du parc nucléaire";41.98308
2020/04/11;"Disponibilité du parc nucléaire";40.20717
2020/04/12;"Disponibilité du parc nucléaire";39.0935
2020/04/13;"Disponibilité du parc nucléaire";35.82683
2020/04/14;"Disponibilité du parc nucléaire";40.07059
2020/04/15;"Disponibilité du parc nucléaire";42.5635
2020/04/16;"Disponibilité du parc nucléaire";42.13001
2020/04/17;"Disponibilité du parc nucléaire";41.91729
2020/04/18;"Disponibilité du parc nucléaire";40.42729
2020/04/19;"Disponibilité du parc nucléaire";38.87459
2020/04/20;"Disponibilité du parc nucléaire";39.0925
2020/04/21;"Disponibilité du parc nucléaire";40.66687
2020/04/22;"Disponibilité du parc nucléaire";40.69896
2020/04/23;"Disponibilité du parc nucléaire";40.87229
2020/04/24;"Disponibilité du parc nucléaire";40.35959
2020/04/25;"Disponibilité du parc nucléaire";38.96125
2020/04/26;"Disponibilité du parc nucléaire";38.29583
2020/04/27;"Disponibilité du parc nucléaire";38.24187
2020/04/28;"Disponibilité du parc nucléaire";38.0773
2020/04/29;"Disponibilité du parc nucléaire";38.16312
2020/04/30;"Disponibilité du parc nucléaire";38.4335
2020/05/01;"Disponibilité du parc nucléaire";36.65708
2020/05/02;"Disponibilité du parc nucléaire";36.98708
2020/05/03;"Disponibilité du parc nucléaire";37.55208
2020/05/04;"Disponibilité du parc nucléaire";38.31605
2020/05/05;"Disponibilité du parc nucléaire";37.8275
2020/05/06;"Disponibilité du parc nucléaire";36.57254
2020/05/07;"Disponibilité du parc nucléaire";36.40225
2020/05/08;"Disponibilité du parc nucléaire";38.22313
2020/05/09;"Disponibilité du parc nucléaire";36.53583
2020/05/10;"Disponibilité du parc nucléaire";37.11317
2020/05/11;"Disponibilité du parc nucléaire";37.05542
2020/05/12;"Disponibilité du parc nucléaire";37.36271
2020/05/13;"Disponibilité du parc nucléaire";37.99667
2020/05/14;"Disponibilité du parc nucléaire";39.17876
2020/05/15;"Disponibilité du parc nucléaire";37.49396
2020/05/16;"Disponibilité du parc nucléaire";33.98625
2020/05/17;"Disponibilité du parc nucléaire";33.91312
2020/05/18;"Disponibilité du parc nucléaire";37.49541
2020/05/19;"Disponibilité du parc nucléaire";38.47083
2020/05/20;"Disponibilité du parc nucléaire";38.15166
2020/05/21;"Disponibilité du parc nucléaire";35.96283
2020/05/22;"Disponibilité du parc nucléaire";36.03459
2020/05/23;"Disponibilité du parc nucléaire";33.76038
2020/05/24;"Disponibilité du parc nucléaire";31.51134
2020/05/25;"Disponibilité du parc nucléaire";35.95733
2020/05/26;"Disponibilité du parc nucléaire";36.51408
2020/05/27;"Disponibilité du parc nucléaire";36.40408
2020/05/28;"Disponibilité du parc nucléaire";36.51575
2020/05/29;"Disponibilité du parc nucléaire";36.72625
2020/05/30;"Disponibilité du parc nucléaire";35.36292
2020/05/31;"Disponibilité du parc nucléaire";34.24874
2020/06/01;"Disponibilité du parc nucléaire";36.0573
2020/06/02;"Disponibilité du parc nucléaire";36.635
2020/06/03;"Disponibilité du parc nucléaire";36.3
2020/06/04;"Disponibilité du parc nucléaire";36.64
2020/06/05;"Disponibilité du parc nucléaire";36.76125
2020/06/06;"Disponibilité du parc nucléaire";33.20224
2020/06/07;"Disponibilité du parc nucléaire";32.67346
2020/06/08;"Disponibilité du parc nucléaire";33.36062
2020/06/09;"Disponibilité du parc nucléaire";33.4
2020/06/10;"Disponibilité du parc nucléaire";33.4
2020/06/11;"Disponibilité du parc nucléaire";32.60316
2020/06/12;"Disponibilité du parc nucléaire";32.64183
2020/06/13;"Disponibilité du parc nucléaire";31.0825
2020/06/14;"Disponibilité du parc nucléaire";30.92229
2020/06/15;"Disponibilité du parc nucléaire";31.39458
2020/06/16;"Disponibilité du parc nucléaire";29.8825
2020/06/17;"Disponibilité du parc nucléaire";31.00333
2020/06/18;"Disponibilité du parc nucléaire";31.725
2020/06/19;"Disponibilité du parc nucléaire";31.85479
2020/06/20;"Disponibilité du parc nucléaire";32.00625
2020/06/21;"Disponibilité du parc nucléaire";31.94492
2020/06/22;"Disponibilité du parc nucléaire";31.24875
2020/06/23;"Disponibilité du parc nucléaire";29.53959
2020/06/24;"Disponibilité du parc nucléaire";29.19834
2020/06/25;"Disponibilité du parc nucléaire";30.30658
2020/06/26;"Disponibilité du parc nucléaire";30.262
2020/06/27;"Disponibilité du parc nucléaire";30.84637
2020/06/28;"Disponibilité du parc nucléaire";29.41713
2020/06/29;"Disponibilité du parc nucléaire";27.65854
2020/06/30;"Disponibilité du parc nucléaire";27.6565
2020/07/01;"Disponibilité du parc nucléaire";28.62316
2020/07/02;"Disponibilité du parc nucléaire";28.78546
2020/07/03;"Disponibilité du parc nucléaire";30.272
2020/07/04;"Disponibilité du parc nucléaire";29.08017
2020/07/05;"Disponibilité du parc nucléaire";25.21944
2020/07/06;"Disponibilité du parc nucléaire";29.84125
2020/07/07;"Disponibilité du parc nucléaire";30.82021
2020/07/08;"Disponibilité du parc nucléaire";31.10208
2020/07/09;"Disponibilité du parc nucléaire";31.05188
2020/07/10;"Disponibilité du parc nucléaire";31.20146
2020/07/11;"Disponibilité du parc nucléaire";30.675
2020/07/12;"Disponibilité du parc nucléaire";30.35333
2020/07/13;"Disponibilité du parc nucléaire";31.86667
2020/07/14;"Disponibilité du parc nucléaire";32.57125
2020/07/15;"Disponibilité du parc nucléaire";33.76854
2020/07/16;"Disponibilité du parc nucléaire";34.01646
2020/07/17;"Disponibilité du parc nucléaire";34.72
2020/07/18;"Disponibilité du parc nucléaire";34.57917
2020/07/19;"Disponibilité du parc nucléaire";34.42904
2020/07/20;"Disponibilité du parc nucléaire";34.64259
2020/07/21;"Disponibilité du parc nucléaire";34.67
2020/07/22;"Disponibilité du parc nucléaire";34.7645
2020/07/23;"Disponibilité du parc nucléaire";34.47388
2020/07/24;"Disponibilité du parc nucléaire";35.29417
2020/07/25;"Disponibilité du parc nucléaire";33.32478
2020/07/26;"Disponibilité du parc nucléaire";31.72316
2020/07/27;"Disponibilité du parc nucléaire";32.47
2020/07/28;"Disponibilité du parc nucléaire";33.14917
2020/07/29;"Disponibilité du parc nucléaire";34.0523
2020/07/30;"Disponibilité du parc nucléaire";33.76675
2020/07/31;"Disponibilité du parc nucléaire";33.46233
2020/08/01;"Disponibilité du parc nucléaire";32.04417
2020/08/02;"Disponibilité du parc nucléaire";32.83087
2020/08/03;"Disponibilité du parc nucléaire";33.14813
2020/08/04;"Disponibilité du parc nucléaire";33.08729
2020/08/05;"Disponibilité du parc nucléaire";33.02917
2020/08/06;"Disponibilité du parc nucléaire";32.88958
2020/08/07;"Disponibilité du parc nucléaire";33.35393
2020/08/08;"Disponibilité du parc nucléaire";33.28688
2020/08/09;"Disponibilité du parc nucléaire";33.95524
2020/08/10;"Disponibilité du parc nucléaire";33.94417
2020/08/11;"Disponibilité du parc nucléaire";34.82292
2020/08/12;"Disponibilité du parc nucléaire";34.96413
2020/08/13;"Disponibilité du parc nucléaire";35.14409
2020/08/14;"Disponibilité du parc nucléaire";35.00534
2020/08/15;"Disponibilité du parc nucléaire";31.83133
2020/08/16;"Disponibilité du parc nucléaire";32.41833
2020/08/17;"Disponibilité du parc nucléaire";33.00084
2020/08/18;"Disponibilité du parc nucléaire";33.55083
2020/08/19;"Disponibilité du parc nucléaire";34.14312
2020/08/20;"Disponibilité du parc nucléaire";34.07367
2020/08/21;"Disponibilité du parc nucléaire";33.75679
2020/08/22;"Disponibilité du parc nucléaire";31.74766
2020/08/23;"Disponibilité du parc nucléaire";30.84099
2020/08/24;"Disponibilité du parc nucléaire";32.98958
2020/08/25;"Disponibilité du parc nucléaire";31.55105
2020/08/26;"Disponibilité du parc nucléaire";31.52604
2020/08/27;"Disponibilité du parc nucléaire";31.80083
2020/08/28;"Disponibilité du parc nucléaire";31.78145
2020/08/29;"Disponibilité du parc nucléaire";30.48638
2020/08/30;"Disponibilité du parc nucléaire";30.11825
2020/08/31;"Disponibilité du parc nucléaire";31.0198
2020/09/01;"Disponibilité du parc nucléaire";29.92667
2020/09/02;"Disponibilité du parc nucléaire";30.14583
2020/09/03;"Disponibilité du parc nucléaire";30.85
2020/09/04;"Disponibilité du parc nucléaire";30.78596
2020/09/05;"Disponibilité du parc nucléaire";30.07604
2020/09/06;"Disponibilité du parc nucléaire";29.30479
2020/09/07;"Disponibilité du parc nucléaire";30.5925
2020/09/08;"Disponibilité du parc nucléaire";31.56083
2020/09/09;"Disponibilité du parc nucléaire";31.3177
2020/09/10;"Disponibilité du parc nucléaire";31.05834
2020/09/11;"Disponibilité du parc nucléaire";31.15813
2020/09/12;"Disponibilité du parc nucléaire";30.44979
2020/09/13;"Disponibilité du parc nucléaire";31.58858
2020/09/14;"Disponibilité du parc nucléaire";30.91646
2020/09/15;"Disponibilité du parc nucléaire";30.96125
2020/09/16;"Disponibilité du parc nucléaire";31.09063
2020/09/17;"Disponibilité du parc nucléaire";31.74833
2020/09/18;"Disponibilité du parc nucléaire";31.315
2020/09/19;"Disponibilité du parc nucléaire";31.15675
2020/09/20;"Disponibilité du parc nucléaire";30.65359
2020/09/21;"Disponibilité du parc nucléaire";32.96084
2020/09/22;"Disponibilité du parc nucléaire";33.18083
2020/09/23;"Disponibilité du parc nucléaire";33.44708
2020/09/24;"Disponibilité du parc nucléaire";33.57313
2020/09/25;"Disponibilité du parc nucléaire";34.37605
2020/09/26;"Disponibilité du parc nucléaire";33.06963
2020/09/27;"Disponibilité du parc nucléaire";33.61712
2020/09/28;"Disponibilité du parc nucléaire";35.53687
2020/09/29;"Disponibilité du parc nucléaire";36.83
2020/09/30;"Disponibilité du parc nucléaire";36.91
2020/10/01;"Disponibilité du parc nucléaire";36.93
2020/10/02;"Disponibilité du parc nucléaire";36.51875
2020/10/03;"Disponibilité du parc nucléaire";34.17062
2020/10/04;"Disponibilité du parc nucléaire";35.27435
2020/10/05;"Disponibilité du parc nucléaire";37.41188
2020/10/06;"Disponibilité du parc nucléaire";38.25584
2020/10/07;"Disponibilité du parc nucléaire";38.56855
2020/10/08;"Disponibilité du parc nucléaire";39.055
2020/10/09;"Disponibilité du parc nucléaire";39.21333
2020/10/10;"Disponibilité du parc nucléaire";38.73062
2020/10/11;"Disponibilité du parc nucléaire";39.02929
2020/10/12;"Disponibilité du parc nucléaire";39.38938
2020/10/13;"Disponibilité du parc nucléaire";40.23667
2020/10/14;"Disponibilité du parc nucléaire";40.48
2020/10/15;"Disponibilité du parc nucléaire";40.92883
2020/10/16;"Disponibilité du parc nucléaire";41.14771
2020/10/17;"Disponibilité du parc nucléaire";41.46375
2020/10/18;"Disponibilité du parc nucléaire";41.61126
2020/10/19;"Disponibilité du parc nucléaire";41.65792
2020/10/20;"Disponibilité du parc nucléaire";40.57292
2020/10/21;"Disponibilité du parc nucléaire";40.29042
2020/10/22;"Disponibilité du parc nucléaire";40.15938
2020/10/23;"Disponibilité du parc nucléaire";40.35208
2020/10/24;"Disponibilité du parc nucléaire";41.07584
2020/10/25;"Disponibilité du parc nucléaire";39.80346
2020/10/26;"Disponibilité du parc nucléaire";41.74896
2020/10/27;"Disponibilité du parc nucléaire";41.375
2020/10/28;"Disponibilité du parc nucléaire";41.46376
2020/10/29;"Disponibilité du parc nucléaire";41.62275
2020/10/30;"Disponibilité du parc nucléaire";42.34247
2020/10/31;"Disponibilité du parc nucléaire";41.18112
2020/11/01;"Disponibilité du parc nucléaire";40.68233
2020/11/02;"Disponibilité du parc nucléaire";41.01957
2020/11/03;"Disponibilité du parc nucléaire";43.59321
2020/11/04;"Disponibilité du parc nucléaire";43.68367
2020/11/05;"Disponibilité du parc nucléaire";43.64091
2020/11/06;"Disponibilité du parc nucléaire";42.92317
2020/11/07;"Disponibilité du parc nucléaire";44.13812
2020/11/08;"Disponibilité du parc nucléaire";44.90446
2020/11/09;"Disponibilité du parc nucléaire";45.90546
2020/11/10;"Disponibilité du parc nucléaire";46.07
2020/11/11;"Disponibilité du parc nucléaire";45.4025
2020/11/12;"Disponibilité du parc nucléaire";45.38458
2020/11/13;"Disponibilité du parc nucléaire";45.97125
2020/11/14;"Disponibilité du parc nucléaire";43.77019
2020/11/15;"Disponibilité du parc nucléaire";43.66333
2020/11/16;"Disponibilité du parc nucléaire";44.98446
2020/11/17;"Disponibilité du parc nucléaire";45.71375
2020/11/18;"Disponibilité du parc nucléaire";45.61645
2020/11/19;"Disponibilité du parc nucléaire";45.72251
2020/11/20;"Disponibilité du parc nucléaire";47.08875
2020/11/21;"Disponibilité du parc nucléaire";46.58586
2020/11/22;"Disponibilité du parc nucléaire";46.58125
2020/11/23;"Disponibilité du parc nucléaire";47.33988
2020/11/24;"Disponibilité du parc nucléaire";47.6848
2020/11/25;"Disponibilité du parc nucléaire";47.50217
2020/11/26;"Disponibilité du parc nucléaire";43.80053
2020/11/27;"Disponibilité du parc nucléaire";47.11692
2020/11/28;"Disponibilité du parc nucléaire";46.48846
2020/11/29;"Disponibilité du parc nucléaire";46.47507
2020/11/30;"Disponibilité du parc nucléaire";47.44896
2020/12/01;"Disponibilité du parc nucléaire";47.34417
2020/12/02;"Disponibilité du parc nucléaire";46.67292
2020/12/03;"Disponibilité du parc nucléaire";46.14708
2020/12/04;"Disponibilité du parc nucléaire";45.68799
2020/12/05;"Disponibilité du parc nucléaire";45.18309
2020/12/06;"Disponibilité du parc nucléaire";45.95616
2020/12/07;"Disponibilité du parc nucléaire";45.40083
2020/12/08;"Disponibilité du parc nucléaire";45.75508
2020/12/09;"Disponibilité du parc nucléaire";46.68833
2020/12/10;"Disponibilité du parc nucléaire";46.11395
2020/12/11;"Disponibilité du parc nucléaire";45.12242
2020/12/12;"Disponibilité du parc nucléaire";46.1085
2020/12/13;"Disponibilité du parc nucléaire";46.44958
2020/12/14;"Disponibilité du parc nucléaire";45.8975
2020/12/15;"Disponibilité du parc nucléaire";47.21625
2020/12/16;"Disponibilité du parc nucléaire";46.61375
2020/12/17;"Disponibilité du parc nucléaire";41.81562
2020/12/18;"Disponibilité du parc nucléaire";48.38259
2020/12/19;"Disponibilité du parc nucléaire";46.95045
2020/12/20;"Disponibilité du parc nucléaire";48.12188
2020/12/21;"Disponibilité du parc nucléaire";49.14187
2020/12/22;"Disponibilité du parc nucléaire";49.65333
2020/12/23;"Disponibilité du parc nucléaire";50.52188
2020/12/24;"Disponibilité du parc nucléaire";50.04688
2020/12/25;"Disponibilité du parc nucléaire";49.31583
2020/12/26;"Disponibilité du parc nucléaire";49.49604
2020/12/27;"Disponibilité du parc nucléaire";48.02
2020/12/28;"Disponibilité du parc nucléaire";48.51896
2020/12/29;"Disponibilité du parc nucléaire";50.37458
2020/12/30;"Disponibilité du parc nucléaire";50.475
2020/12/31;"Disponibilité du parc nucléaire";50.76625
2021/01/01;"Disponibilité du parc nucléaire";51.08175
2021/01/02;"Disponibilité du parc nucléaire";51.755
2021/01/03;"Disponibilité du parc nucléaire";51.74658
2021/01/04;"Disponibilité du parc nucléaire";51.81042
2021/01/05;"Disponibilité du parc nucléaire";51.82375
2021/01/06;"Disponibilité du parc nucléaire";52.12375
2021/01/07;"Disponibilité du parc nucléaire";52.29
2021/01/08;"Disponibilité du parc nucléaire";52.29
2021/01/09;"Disponibilité du parc nucléaire";52.26709
2021/01/10;"Disponibilité du parc nucléaire";52.29
2021/01/11;"Disponibilité du parc nucléaire";52.29
2021/01/12;"Disponibilité du parc nucléaire";51.81896
2021/01/13;"Disponibilité du parc nucléaire";50.88187
2021/01/14;"Disponibilité du parc nucléaire";52.12567
2021/01/15;"Disponibilité du parc nucléaire";51.981
2021/01/16;"Disponibilité du parc nucléaire";50.20496
2021/01/17;"Disponibilité du parc nucléaire";50.85954
2021/01/18;"Disponibilité du parc nucléaire";51.00426
2021/01/19;"Disponibilité du parc nucléaire";48.94243
2021/01/20;"Disponibilité du parc nucléaire";50.23996
2021/01/21;"Disponibilité du parc nucléaire";49.06916
2021/01/22;"Disponibilité du parc nucléaire";49.53062
2021/01/23;"Disponibilité du parc nucléaire";50.955
2021/01/24;"Disponibilité du parc nucléaire";51.57384
2021/01/25;"Disponibilité du parc nucléaire";50.10979
2021/01/26;"Disponibilité du parc nucléaire";49.9325
2021/01/27;"Disponibilité du parc nucléaire";50.70083
2021/01/28;"Disponibilité du parc nucléaire";49.92125
2021/01/29;"Disponibilité du parc nucléaire";48.95125
2021/01/30;"Disponibilité du parc nucléaire";46.99499
2021/01/31;"Disponibilité du parc nucléaire";48.43571
2021/02/01;"Disponibilité du parc nucléaire";49.87058
2021/02/02;"Disponibilité du parc nucléaire";50.20345
2021/02/03;"Disponibilité du parc nucléaire";50.11075
2021/02/04;"Disponibilité du parc nucléaire";50.337
2021/02/05;"Disponibilité du parc nucléaire";50.6
2021/02/06;"Disponibilité du parc nucléaire";48.47958
2021/02/07;"Disponibilité du parc nucléaire";47.9273
2021/02/08;"Disponibilité du parc nucléaire";47.92209
2021/02/09;"Disponibilité du parc nucléaire";48.76042
2021/02/10;"Disponibilité du parc nucléaire";48.13075
2021/02/11;"Disponibilité du parc nucléaire";48.55083
2021/02/12;"Disponibilité du parc nucléaire";47.93417
2021/02/13;"Disponibilité du parc nucléaire";46.26583
2021/02/14;"Disponibilité du parc nucléaire";45.79016
2021/02/15;"Disponibilité du parc nucléaire";45.37084
2021/02/16;"Disponibilité du parc nucléaire";45.515
2021/02/17;"Disponibilité du parc nucléaire";45.17167
2021/02/18;"Disponibilité du parc nucléaire";45.08125
2021/02/19;"Disponibilité du parc nucléaire";44.62229
2021/02/20;"Disponibilité du parc nucléaire";43.03396
2021/02/21;"Disponibilité du parc nucléaire";42.47126
2021/02/22;"Disponibilité du parc nucléaire";43.57687
2021/02/23;"Disponibilité du parc nucléaire";44.35083
2021/02/24;"Disponibilité du parc nucléaire";44.595
2021/02/25;"Disponibilité du parc nucléaire";44.56645
2021/02/26;"Disponibilité du parc nucléaire";44.46208
2021/02/27;"Disponibilité du parc nucléaire";42.37916
2021/02/28;"Disponibilité du parc nucléaire";40.64955
2021/03/01;"Disponibilité du parc nucléaire";40.3475
2021/03/02;"Disponibilité du parc nucléaire";41.22875
2021/03/03;"Disponibilité du parc nucléaire";42.56958
2021/03/04;"Disponibilité du parc nucléaire";43.415
2021/03/05;"Disponibilité du parc nucléaire";43.035
2021/03/06;"Disponibilité du parc nucléaire";43.69417
2021/03/07;"Disponibilité du parc nucléaire";44.23729
2021/03/08;"Disponibilité du parc nucléaire";44.11271
2021/03/09;"Disponibilité du parc nucléaire";43.94892
2021/03/10;"Disponibilité du parc nucléaire";44.26792
2021/03/11;"Disponibilité du parc nucléaire";44.87599
2021/03/12;"Disponibilité du parc nucléaire";45.10062
2021/03/13;"Disponibilité du parc nucléaire";43.81174
2021/03/14;"Disponibilité du parc nucléaire";44.70078
2021/03/15;"Disponibilité du parc nucléaire";45.55042
2021/03/16;"Disponibilité du parc nucléaire";45.53
2021/03/17;"Disponibilité du parc nucléaire";45.96517
2021/03/18;"Disponibilité du parc nucléaire";46.105
2021/03/19;"Disponibilité du parc nucléaire";46.08333
2021/03/20;"Disponibilité du parc nucléaire";44.1723
2021/03/21;"Disponibilité du parc nucléaire";44.01929
2021/03/22;"Disponibilité du parc nucléaire";44.9388
2021/03/23;"Disponibilité du parc nucléaire";45.135
2021/03/24;"Disponibilité du parc nucléaire";45.5475
2021/03/25;"Disponibilité du parc nucléaire";45.35729
2021/03/26;"Disponibilité du parc nucléaire";45.165
2021/03/27;"Disponibilité du parc nucléaire";41.98521
2021/03/28;"Disponibilité du parc nucléaire";41.49856
2021/03/29;"Disponibilité du parc nucléaire";41.68192
2021/03/30;"Disponibilité du parc nucléaire";42.24388
2021/03/31;"Disponibilité du parc nucléaire";41.88483
2021/04/01;"Disponibilité du parc nucléaire";41.56379
2021/04/02;"Disponibilité du parc nucléaire";42.3455
2021/04/03;"Disponibilité du parc nucléaire";41.24
2021/04/04;"Disponibilité du parc nucléaire";40.0525
2021/04/05;"Disponibilité du parc nucléaire";38.42297
2021/04/06;"Disponibilité du parc nucléaire";39.39741
2021/04/07;"Disponibilité du parc nucléaire";39.77312
2021/04/08;"Disponibilité du parc nucléaire";38.01354
2021/04/09;"Disponibilité du parc nucléaire";39.1523
2021/04/10;"Disponibilité du parc nucléaire";38.20062
2021/04/11;"Disponibilité du parc nucléaire";38.3
2021/04/12;"Disponibilité du parc nucléaire";38.72729
2021/04/13;"Disponibilité du parc nucléaire";38.64584
2021/04/14;"Disponibilité du parc nucléaire";38.7425
2021/04/15;"Disponibilité du parc nucléaire";39.63688
2021/04/16;"Disponibilité du parc nucléaire";39.675
2021/04/17;"Disponibilité du parc nucléaire";37.04333
2021/04/18;"Disponibilité du parc nucléaire";37.02021
2021/04/19;"Disponibilité du parc nucléaire";37.88262
2021/04/20;"Disponibilité du parc nucléaire";38.61625
2021/04/21;"Disponibilité du parc nucléaire";38.67562
2021/04/22;"Disponibilité du parc nucléaire";38.86062
2021/04/23;"Disponibilité du parc nucléaire";38.865
2021/04/24;"Disponibilité du parc nucléaire";38.854
2021/04/25;"Disponibilité du parc nucléaire";39.154
2021/04/26;"Disponibilité du parc nucléaire";39.48667
2021/04/27;"Disponibilité du parc nucléaire";39.28542
2021/04/28;"Disponibilité du parc nucléaire";39.27
2021/04/29;"Disponibilité du parc nucléaire";39.7025
2021/04/30;"Disponibilité du parc nucléaire";39.14625
2021/05/01;"Disponibilité du parc nucléaire";39.925
2021/05/02;"Disponibilité du parc nucléaire";37.17604
2021/05/03;"Disponibilité du parc nucléaire";37.53584
2021/05/04;"Disponibilité du parc nucléaire";39.05875
2021/05/05;"Disponibilité du parc nucléaire";38.92458
2021/05/06;"Disponibilité du parc nucléaire";38.46104
2021/05/07;"Disponibilité du parc nucléaire";39.15667
2021/05/08;"Disponibilité du parc nucléaire";36.46345
2021/05/09;"Disponibilité du parc nucléaire";35.70608
2021/05/10;"Disponibilité du parc nucléaire";37.59333
2021/05/11;"Disponibilité du parc nucléaire";38.35833
2021/05/12;"Disponibilité du parc nucléaire";38.90833
2021/05/13;"Disponibilité du parc nucléaire";39.29291
2021/05/14;"Disponibilité du parc nucléaire";40.23417
2021/05/15;"Disponibilité du parc nucléaire";40.05667
2021/05/16;"Disponibilité du parc nucléaire";39.86855
2021/05/17;"Disponibilité du parc nucléaire";39.95896
2021/05/18;"Disponibilité du parc nucléaire";40.82584
2021/05/19;"Disponibilité du parc nucléaire";42.225
2021/05/20;"Disponibilité du parc nucléaire";41.22375
2021/05/21;"Disponibilité du parc nucléaire";40.80033
2021/05/22;"Disponibilité du parc nucléaire";38.4977
2021/05/23;"Disponibilité du parc nucléaire";38.51145
2021/05/24;"Disponibilité du parc nucléaire";39.26624
2021/05/25;"Disponibilité du parc nucléaire";39.42333
2021/05/26;"Disponibilité du parc nucléaire";40.49354
2021/05/27;"Disponibilité du parc nucléaire";41.03667
2021/05/28;"Disponibilité du parc nucléaire";40.5725
2021/05/29;"Disponibilité du parc nucléaire";40.11416
2021/05/30;"Disponibilité du parc nucléaire";39.57542
2021/05/31;"Disponibilité du parc nucléaire";39.93479
2021/06/01;"Disponibilité du parc nucléaire";41.07813
2021/06/02;"Disponibilité du parc nucléaire";41.37729
2021/06/03;"Disponibilité du parc nucléaire";41.12575
2021/06/04;"Disponibilité du parc nucléaire";41.14
2021/06/05;"Disponibilité du parc nucléaire";39.83605
2021/06/06;"Disponibilité du parc nucléaire";39.53958
2021/06/07;"Disponibilité du parc nucléaire";40.46417
2021/06/08;"Disponibilité du parc nucléaire";41.16125
2021/06/09;"Disponibilité du parc nucléaire";41.25167
2021/06/10;"Disponibilité du parc nucléaire";41.19
2021/06/11;"Disponibilité du parc nucléaire";41.03238
2021/06/12;"Disponibilité du parc nucléaire";40.48217
2021/06/13;"Disponibilité du parc nucléaire";40.04563
2021/06/14;"Disponibilité du parc nucléaire";39.99829
2021/06/15;"Disponibilité du parc nucléaire";39.9155
2021/06/16;"Disponibilité du parc nucléaire";39.84217
2021/06/17;"Disponibilité du parc nucléaire";39.46488
2021/06/18;"Disponibilité du parc nucléaire";38.223
2021/06/19;"Disponibilité du parc nucléaire";37.39238
2021/06/20;"Disponibilité du parc nucléaire";38.90522
2021/06/21;"Disponibilité du parc nucléaire";40.38586
2021/06/22;"Disponibilité du parc nucléaire";40.45937
2021/06/23;"Disponibilité du parc nucléaire";41.69792
2021/06/24;"Disponibilité du parc nucléaire";41.7035
2021/06/25;"Disponibilité du parc nucléaire";41.65184
2021/06/26;"Disponibilité du parc nucléaire";41.39812
2021/06/27;"Disponibilité du parc nucléaire";40.80666
2021/06/28;"Disponibilité du parc nucléaire";42.24833
2021/06/29;"Disponibilité du parc nucléaire";42.46083
2021/06/30;"Disponibilité du parc nucléaire";41.5025
2021/07/01;"Disponibilité du parc nucléaire";40.03795
2021/07/02;"Disponibilité du parc nucléaire";39.93479
2021/07/03;"Disponibilité du parc nucléaire";39.60383
2021/07/04;"Disponibilité du parc nucléaire";37.88496
2021/07/05;"Disponibilité du parc nucléaire";39.68208
2021/07/06;"Disponibilité du parc nucléaire";40.84725
2021/07/07;"Disponibilité du parc nucléaire";41.40707
2021/07/08;"Disponibilité du parc nucléaire";41.32313
2021/07/09;"Disponibilité du parc nucléaire";40.1545
2021/07/10;"Disponibilité du parc nucléaire";36.27534
2021/07/11;"Disponibilité du parc nucléaire";36.65259
2021/07/12;"Disponibilité du parc nucléaire";37.67908
2021/07/13;"Disponibilité du parc nucléaire";39.12533
2021/07/14;"Disponibilité du parc nucléaire";40.70583
2021/07/15;"Disponibilité du parc nucléaire";40.14975
2021/07/16;"Disponibilité du parc nucléaire";40.52733
2021/07/17;"Disponibilité du parc nucléaire";40.21663
2021/07/18;"Disponibilité du parc nucléaire";39.60047
2021/07/19;"Disponibilité du parc nucléaire";40.40308
2021/07/20;"Disponibilité du parc nucléaire";41.10957
2021/07/21;"Disponibilité du parc nucléaire";41.45396
2021/07/22;"Disponibilité du parc nucléaire";40.80993
2021/07/23;"Disponibilité du parc nucléaire";42.54742
2021/07/24;"Disponibilité du parc nucléaire";40.42938
2021/07/25;"Disponibilité du parc nucléaire";40.66391
2021/07/26;"Disponibilité du parc nucléaire";42.88105
2021/07/27;"Disponibilité du parc nucléaire";42.73583
2021/07/28;"Disponibilité du parc nucléaire";43.45354
2021/07/29;"Disponibilité du parc nucléaire";44.44267
2021/07/30;"Disponibilité du parc nucléaire";44.61917
2021/07/31;"Disponibilité du parc nucléaire";43.00904
2021/08/01;"Disponibilité du parc nucléaire";42.63508
2021/08/02;"Disponibilité du parc nucléaire";42.29275
2021/08/03;"Disponibilité du parc nucléaire";41.96729
2021/08/04;"Disponibilité du parc nucléaire";41.56
2021/08/05;"Disponibilité du parc nucléaire";41.11208
2021/08/06;"Disponibilité du parc nucléaire";39.07841
2021/08/07;"Disponibilité du parc nucléaire";39.30942
2021/08/08;"Disponibilité du parc nucléaire";38.04688
2021/08/09;"Disponibilité du parc nucléaire";39.77562
2021/08/10;"Disponibilité du parc nucléaire";40.01483
2021/08/11;"Disponibilité du parc nucléaire";39.44238
2021/08/12;"Disponibilité du parc nucléaire";39.78279
2021/08/13;"Disponibilité du parc nucléaire";38.51304
2021/08/14;"Disponibilité du parc nucléaire";38.49175
2021/08/15;"Disponibilité du parc nucléaire";39.50708
2021/08/16;"Disponibilité du parc nucléaire";41.25954
2021/08/17;"Disponibilité du parc nucléaire";43.47175
2021/08/18;"Disponibilité du parc nucléaire";43.5105
2021/08/19;"Disponibilité du parc nucléaire";43.66616
2021/08/20;"Disponibilité du parc nucléaire";43.38804
2021/08/21;"Disponibilité du parc nucléaire";41.10604
2021/08/22;"Disponibilité du parc nucléaire";41.68671
2021/08/23;"Disponibilité du parc nucléaire";43.14
2021/08/24;"Disponibilité du parc nucléaire";42.99562
2021/08/25;"Disponibilité du parc nucléaire";42.83291
2021/08/26;"Disponibilité du parc nucléaire";43.37083
2021/08/27;"Disponibilité du parc nucléaire";43.37188
2021/08/28;"Disponibilité du parc nucléaire";42.47979
2021/08/29;"Disponibilité du parc nucléaire";42.79
2021/08/30;"Disponibilité du parc nucléaire";44.48863
2021/08/31;"Disponibilité du parc nucléaire";44.94613
2021/09/01;"Disponibilité du parc nucléaire";45.134
2021/09/02;"Disponibilité du parc nucléaire";45.32346
2021/09/03;"Disponibilité du parc nucléaire";44.78325
2021/09/04;"Disponibilité du parc nucléaire";42.92679
2021/09/05;"Disponibilité du parc nucléaire";42.57742
2021/09/06;"Disponibilité du parc nucléaire";44.23214
2021/09/07;"Disponibilité du parc nucléaire";45.199
2021/09/08;"Disponibilité du parc nucléaire";44.92479
2021/09/09;"Disponibilité du parc nucléaire";44.17513
2021/09/10;"Disponibilité du parc nucléaire";42.82913
2021/09/11;"Disponibilité du parc nucléaire";40.51812
2021/09/12;"Disponibilité du parc nucléaire";41.73437
2021/09/13;"Disponibilité du parc nucléaire";43.1277
2021/09/14;"Disponibilité du parc nucléaire";42.184
2021/09/15;"Disponibilité du parc nucléaire";42.50941
2021/09/16;"Disponibilité du parc nucléaire";43.24629
2021/09/17;"Disponibilité du parc nucléaire";41.84888
2021/09/18;"Disponibilité du parc nucléaire";37.86022
2021/09/19;"Disponibilité du parc nucléaire";39.18104
2021/09/20;"Disponibilité du parc nucléaire";41.49875
2021/09/21;"Disponibilité du parc nucléaire";42.905
2021/09/22;"Disponibilité du parc nucléaire";42.445
2021/09/23;"Disponibilité du parc nucléaire";41.45546
2021/09/24;"Disponibilité du parc nucléaire";40.55251
2021/09/25;"Disponibilité du parc nucléaire";38.64334
2021/09/26;"Disponibilité du parc nucléaire";38.9352
2021/09/27;"Disponibilité du parc nucléaire";39.75583
2021/09/28;"Disponibilité du parc nucléaire";40.53478
2021/09/29;"Disponibilité du parc nucléaire";41.12924
2021/09/30;"Disponibilité du parc nucléaire";41.89721
2021/10/01;"Disponibilité du parc nucléaire";42.79309
2021/10/02;"Disponibilité du parc nucléaire";40.00666
2021/10/03;"Disponibilité du parc nucléaire";39.62805
2021/10/04;"Disponibilité du parc nucléaire";41.6495
2021/10/05;"Disponibilité du parc nucléaire";40.36995
2021/10/06;"Disponibilité du parc nucléaire";42.06495
2021/10/07;"Disponibilité du parc nucléaire";41.42308
2021/10/08;"Disponibilité du parc nucléaire";42.10595
2021/10/09;"Disponibilité du parc nucléaire";42.4725
2021/10/10;"Disponibilité du parc nucléaire";43.19938
2021/10/11;"Disponibilité du parc nucléaire";44.25933
2021/10/12;"Disponibilité du parc nucléaire";44.67892
2021/10/13;"Disponibilité du parc nucléaire";44.747
2021/10/14;"Disponibilité du parc nucléaire";44.95125
2021/10/15;"Disponibilité du parc nucléaire";43.84542
2021/10/16;"Disponibilité du parc nucléaire";43.73229
2021/10/17;"Disponibilité du parc nucléaire";43.83792
2021/10/18;"Disponibilité du parc nucléaire";43.97083
2021/10/19;"Disponibilité du parc nucléaire";42.28513
2021/10/20;"Disponibilité du parc nucléaire";42.85062
2021/10/21;"Disponibilité du parc nucléaire";42.44083
2021/10/22;"Disponibilité du parc nucléaire";41.13708
2021/10/23;"Disponibilité du parc nucléaire";39.37332
2021/10/24;"Disponibilité du parc nucléaire";40.87063
2021/10/25;"Disponibilité du parc nucléaire";41.69809
2021/10/26;"Disponibilité du parc nucléaire";42.76429
2021/10/27;"Disponibilité du parc nucléaire";43.96125
2021/10/28;"Disponibilité du parc nucléaire";44.855
2021/10/29;"Disponibilité du parc nucléaire";44.27333
2021/10/30;"Disponibilité du parc nucléaire";43.9398
2021/10/31;"Disponibilité du parc nucléaire";43.66019
2021/11/01;"Disponibilité du parc nucléaire";42.59687
2021/11/02;"Disponibilité du parc nucléaire";43.16663
2021/11/03;"Disponibilité du parc nucléaire";42.83438
2021/11/04;"Disponibilité du parc nucléaire";43.12312
2021/11/05;"Disponibilité du parc nucléaire";42.06434
2021/11/06;"Disponibilité du parc nucléaire";40.3175
2021/11/07;"Disponibilité du parc nucléaire";40.73166
2021/11/08;"Disponibilité du parc nucléaire";41.77167
2021/11/09;"Disponibilité du parc nucléaire";43.055
2021/11/10;"Disponibilité du parc nucléaire";42.99342
2021/11/11;"Disponibilité du parc nucléaire";42.18217
2021/11/12;"Disponibilité du parc nucléaire";42.78459
2021/11/13;"Disponibilité du parc nucléaire";42.77363
2021/11/14;"Disponibilité du parc nucléaire";42.09163
2021/11/15;"Disponibilité du parc nucléaire";41.787
2021/11/16;"Disponibilité du parc nucléaire";44.57488
2021/11/17;"Disponibilité du parc nucléaire";44.762
2021/11/18;"Disponibilité du parc nucléaire";44.61008
2021/11/19;"Disponibilité du parc nucléaire";44.76275
2021/11/20;"Disponibilité du parc nucléaire";43.84541
2021/11/21;"Disponibilité du parc nucléaire";43.15126
2021/11/22;"Disponibilité du parc nucléaire";43.54458
2021/11/23;"Disponibilité du parc nucléaire";43.58833
2021/11/24;"Disponibilité du parc nucléaire";41.94583
2021/11/25;"Disponibilité du parc nucléaire";42.49438
2021/11/26;"Disponibilité du parc nucléaire";42.525
2021/11/27;"Disponibilité du parc nucléaire";41.69542
2021/11/28;"Disponibilité du parc nucléaire";41.79688
2021/11/29;"Disponibilité du parc nucléaire";43.11333
2021/11/30;"Disponibilité du parc nucléaire";44.67917
2021/12/01;"Disponibilité du parc nucléaire";43.70812
2021/12/02;"Disponibilité du parc nucléaire";43
2021/12/03;"Disponibilité du parc nucléaire";42.495
2021/12/04;"Disponibilité du parc nucléaire";41.48562
2021/12/05;"Disponibilité du parc nucléaire";41.09478
2021/12/06;"Disponibilité du parc nucléaire";42.14917
2021/12/07;"Disponibilité du parc nucléaire";42.445
2021/12/08;"Disponibilité du parc nucléaire";42.45333
2021/12/09;"Disponibilité du parc nucléaire";42.825
2021/12/10;"Disponibilité du parc nucléaire";43.225
2021/12/11;"Disponibilité du parc nucléaire";43.1575
2021/12/12;"Disponibilité du parc nucléaire";43.13767
2021/12/13;"Disponibilité du parc nucléaire";43.77883
2021/12/14;"Disponibilité du parc nucléaire";43.44759
2021/12/15;"Disponibilité du parc nucléaire";43.73308
2021/12/16;"Disponibilité du parc nucléaire";44.83499
2021/12/17;"Disponibilité du parc nucléaire";43.73542
2021/12/18;"Disponibilité du parc nucléaire";44.225
2021/12/19;"Disponibilité du parc nucléaire";43.50258
2021/12/20;"Disponibilité du parc nucléaire";42.89854
2021/12/21;"Disponibilité du parc nucléaire";43.00062
2021/12/22;"Disponibilité du parc nucléaire";44.35209
2021/12/23;"Disponibilité du parc nucléaire";43.79312
2021/12/24;"Disponibilité du parc nucléaire";42.71692
2021/12/25;"Disponibilité du parc nucléaire";43.65062
2021/12/26;"Disponibilité du parc nucléaire";44.55242
2021/12/27;"Disponibilité du parc nucléaire";45.38241
2021/12/28;"Disponibilité du parc nucléaire";45.43175
2021/12/29;"Disponibilité du parc nucléaire";44.21046
2021/12/30;"Disponibilité du parc nucléaire";43.63342
2021/12/31;"Disponibilité du parc nucléaire";43.24238
2022/01/01;"Disponibilité du parc nucléaire";42.88723
2022/01/02;"Disponibilité du parc nucléaire";43.54092
2022/01/03;"Disponibilité du parc nucléaire";45.39759
2022/01/04;"Disponibilité du parc nucléaire";46.39008
2022/01/05;"Disponibilité du parc nucléaire";46.67967
2022/01/06;"Disponibilité du parc nucléaire";47.79447
2022/01/07;"Disponibilité du parc nucléaire";47.84742
2022/01/08;"Disponibilité du parc nucléaire";46.78504
2022/01/09;"Disponibilité du parc nucléaire";47.95342
2022/01/10;"Disponibilité du parc nucléaire";48.9205
2022/01/11;"Disponibilité du parc nucléaire";47.753
2022/01/12;"Disponibilité du parc nucléaire";47.88008
2022/01/13;"Disponibilité du parc nucléaire";47.97888
2022/01/14;"Disponibilité du parc nucléaire";48.68308
2022/01/15;"Disponibilité du parc nucléaire";48.85683
2022/01/16;"Disponibilité du parc nucléaire";49.021
2022/01/17;"Disponibilité du parc nucléaire";49.021
2022/01/18;"Disponibilité du parc nucléaire";48.96225
2022/01/19;"Disponibilité du parc nucléaire";48.9435
2022/01/20;"Disponibilité du parc nucléaire";48.71721
2022/01/21;"Disponibilité du parc nucléaire";49.67534
2022/01/22;"Disponibilité du parc nucléaire";49.807
2022/01/23;"Disponibilité du parc nucléaire";49.10817
2022/01/24;"Disponibilité du parc nucléaire";49.61408
2022/01/25;"Disponibilité du parc nucléaire";49.28283
2022/01/26;"Disponibilité du parc nucléaire";49.5238
2022/01/27;"Disponibilité du parc nucléaire";49.4145
2022/01/28;"Disponibilité du parc nucléaire";49.71825
2022/01/29;"Disponibilité du parc nucléaire";48.70659
2022/01/30;"Disponibilité du parc nucléaire";49.52867
2022/01/31;"Disponibilité du parc nucléaire";48.64513
2022/02/01;"Disponibilité du parc nucléaire";48.47283
2022/02/02;"Disponibilité du parc nucléaire";48.92262
2022/02/03;"Disponibilité du parc nucléaire";48.8195
2022/02/04;"Disponibilité du parc nucléaire";48.78491
2022/02/05;"Disponibilité du parc nucléaire";45.91992
2022/02/06;"Disponibilité du parc nucléaire";45.61595
2022/02/07;"Disponibilité du parc nucléaire";45.73092
2022/02/08;"Disponibilité du parc nucléaire";46.32592
2022/02/09;"Disponibilité du parc nucléaire";46.177
2022/02/10;"Disponibilité du parc nucléaire";46.50504
2022/02/11;"Disponibilité du parc nucléaire";46.8017
2022/02/12;"Disponibilité du parc nucléaire";44.42988
2022/02/13;"Disponibilité du parc nucléaire";43.42737
2022/02/14;"Disponibilité du parc nucléaire";44.57213
2022/02/15;"Disponibilité du parc nucléaire";44.855
2022/02/16;"Disponibilité du parc nucléaire";45.87917
2022/02/17;"Disponibilité du parc nucléaire";45.69837
2022/02/18;"Disponibilité du parc nucléaire";45.43479
2022/02/19;"Disponibilité du parc nucléaire";42.70446
2022/02/20;"Disponibilité du parc nucléaire";41.84738
2022/02/21;"Disponibilité du parc nucléaire";42.56217
2022/02/22;"Disponibilité du parc nucléaire";43.91308
2022/02/23;"Disponibilité du parc nucléaire";44.426
2022/02/24;"Disponibilité du parc nucléaire";44.31225
2022/02/25;"Disponibilité du parc nucléaire";44.426
2022/02/26;"Disponibilité du parc nucléaire";43.4855
2022/02/27;"Disponibilité du parc nucléaire";42.88217
2022/02/28;"Disponibilité du parc nucléaire";43.00187
2022/03/01;"Disponibilité du parc nucléaire";43.4
2022/03/02;"Disponibilité du parc nucléaire";43.24875
2022/03/03;"Disponibilité du parc nucléaire";43.10625
2022/03/04;"Disponibilité du parc nucléaire";43.29
2022/03/05;"Disponibilité du parc nucléaire";43.29
2022/03/06;"Disponibilité du parc nucléaire";42.87467
2022/03/07;"Disponibilité du parc nucléaire";42.70791
2022/03/08;"Disponibilité du parc nucléaire";42.8998
2022/03/09;"Disponibilité du parc nucléaire";43.17
2022/03/10;"Disponibilité du parc nucléaire";40.58209
2022/03/11;"Disponibilité du parc nucléaire";40.36021
2022/03/12;"Disponibilité du parc nucléaire";36.90312
2022/03/13;"Disponibilité du parc nucléaire";36.53958
2022/03/14;"Disponibilité du parc nucléaire";35.99812
2022/03/15;"Disponibilité du parc nucléaire";36.03775
2022/03/16;"Disponibilité du parc nucléaire";36.39833
2022/03/17;"Disponibilité du parc nucléaire";36.92
2022/03/18;"Disponibilité du parc nucléaire";36.92
2022/03/19;"Disponibilité du parc nucléaire";35.80562
2022/03/20;"Disponibilité du parc nucléaire";34.9375
2022/03/21;"Disponibilité du parc nucléaire";35.08125
2022/03/22;"Disponibilité du parc nucléaire";34.91208
2022/03/23;"Disponibilité du parc nucléaire";33.435
2022/03/24;"Disponibilité du parc nucléaire";33.435
2022/03/25;"Disponibilité du parc nucléaire";33.30125
2022/03/26;"Disponibilité du parc nucléaire";30.65606
2022/03/27;"Disponibilité du parc nucléaire";31.33653
2022/03/28;"Disponibilité du parc nucléaire";31.49
2022/03/29;"Disponibilité du parc nucléaire";31.49
2022/03/30;"Disponibilité du parc nucléaire";31.11292
2022/03/31;"Disponibilité du parc nucléaire";30.585
2022/04/01;"Disponibilité du parc nucléaire";31.05813
2022/04/02;"Disponibilité du parc nucléaire";30.81896
2022/04/03;"Disponibilité du parc nucléaire";31.93521
2022/04/04;"Disponibilité du parc nucléaire";32.62104
2022/04/05;"Disponibilité du parc nucléaire";32.60813
2022/04/06;"Disponibilité du parc nucléaire";32.72804
2022/04/07;"Disponibilité du parc nucléaire";32.84809
2022/04/08;"Disponibilité du parc nucléaire";32.29604
2022/04/09;"Disponibilité du parc nucléaire";31.2875
2022/04/10;"Disponibilité du parc nucléaire";32.51645
2022/04/11;"Disponibilité du parc nucléaire";32.35458
2022/04/12;"Disponibilité du parc nucléaire";33.17062
2022/04/13;"Disponibilité du parc nucléaire";33.23288
2022/04/14;"Disponibilité du parc nucléaire";33.86342
2022/04/15;"Disponibilité du parc nucléaire";33.543
2022/04/16;"Disponibilité du parc nucléaire";31.73008
2022/04/17;"Disponibilité du parc nucléaire";31.68612
2022/04/18;"Disponibilité du parc nucléaire";31.5395
2022/04/19;"Disponibilité du parc nucléaire";32.61883
2022/04/20;"Disponibilité du parc nucléaire";32.2607
2022/04/21;"Disponibilité du parc nucléaire";31.71471
2022/04/22;"Disponibilité du parc nucléaire";31.84304
2022/04/23;"Disponibilité du parc nucléaire";29.96151
2022/04/24;"Disponibilité du parc nucléaire";29.79121
2022/04/25;"Disponibilité du parc nucléaire";30.49687
2022/04/26;"Disponibilité du parc nucléaire";30.68854
2022/04/27;"Disponibilité du parc nucléaire";30.43333
2022/04/28;"Disponibilité du parc nucléaire";29.85917
2022/04/29;"Disponibilité du parc nucléaire";28.93583
2022/04/30;"Disponibilité du parc nucléaire";28.57016
2022/05/01;"Disponibilité du parc nucléaire";29.49429
2022/05/02;"Disponibilité du parc nucléaire";29.60708
2022/05/03;"Disponibilité du parc nucléaire";29.47917
2022/05/04;"Disponibilité du parc nucléaire";30.1053
2022/05/05;"Disponibilité du parc nucléaire";30.34433
2022/05/06;"Disponibilité du parc nucléaire";30.191
2022/05/07;"Disponibilité du parc nucléaire";28.99792
2022/05/08;"Disponibilité du parc nucléaire";28.83625
2022/05/09;"Disponibilité du parc nucléaire";28.47433
2022/05/10;"Disponibilité du parc nucléaire";29.1595
2022/05/11;"Disponibilité du parc nucléaire";29.44183
2022/05/12;"Disponibilité du parc nucléaire";29.63645
2022/05/13;"Disponibilité du parc nucléaire";29.49604
2022/05/14;"Disponibilité du parc nucléaire";28.16067
2022/05/15;"Disponibilité du parc nucléaire";27.76459
2022/05/16;"Disponibilité du parc nucléaire";27.69971
2022/05/17;"Disponibilité du parc nucléaire";27.73688
2022/05/18;"Disponibilité du parc nucléaire";28.74667
2022/05/19;"Disponibilité du parc nucléaire";29.30937
2022/05/20;"Disponibilité du parc nucléaire";29.82833
2022/05/21;"Disponibilité du parc nucléaire";28.75722
2022/05/22;"Disponibilité du parc nucléaire";29.25838
2022/05/23;"Disponibilité du parc nucléaire";28.46108
2022/05/24;"Disponibilité du parc nucléaire";28.65921
2022/05/25;"Disponibilité du parc nucléaire";29.11117
2022/05/26;"Disponibilité du parc nucléaire";26.29017
2022/05/27;"Disponibilité du parc nucléaire";27.58212
2022/05/28;"Disponibilité du parc nucléaire";28.17842
2022/05/29;"Disponibilité du parc nucléaire";28.31991
2022/05/30;"Disponibilité du parc nucléaire";31.14049
2022/05/31;"Disponibilité du parc nucléaire";31.58633
2022/06/01;"Disponibilité du parc nucléaire";31.638
2022/06/02;"Disponibilité du parc nucléaire";31.003
2022/06/03;"Disponibilité du parc nucléaire";31.17529
2022/06/04;"Disponibilité du parc nucléaire";29.42133
2022/06/05;"Disponibilité du parc nucléaire";27.99788
2022/06/06;"Disponibilité du parc nucléaire";28.94663
2022/06/07;"Disponibilité du parc nucléaire";30.20279
2022/06/08;"Disponibilité du parc nucléaire";30.15925
2022/06/09;"Disponibilité du parc nucléaire";29.86967
2022/06/10;"Disponibilité du parc nucléaire";29.99258
2022/06/11;"Disponibilité du parc nucléaire";28.56846
2022/06/12;"Disponibilité du parc nucléaire";28.195
2022/06/13;"Disponibilité du parc nucléaire";29.79834
2022/06/14;"Disponibilité du parc nucléaire";29.91271
2022/06/15;"Disponibilité du parc nucléaire";29.69
2022/06/16;"Disponibilité du parc nucléaire";29.03
2022/06/17;"Disponibilité du parc nucléaire";29.35479
2022/06/18;"Disponibilité du parc nucléaire";27.79125
2022/06/19;"Disponibilité du parc nucléaire";28.2267
2022/06/20;"Disponibilité du parc nucléaire";29.13293
2022/06/21;"Disponibilité du parc nucléaire";30.17792
2022/06/22;"Disponibilité du parc nucléaire";30.86917
2022/06/23;"Disponibilité du parc nucléaire";31.12834
2022/06/24;"Disponibilité du parc nucléaire";30.26978
2022/06/25;"Disponibilité du parc nucléaire";28.95821
2022/06/26;"Disponibilité du parc nucléaire";29.65041
2022/06/27;"Disponibilité du parc nucléaire";29.58013
2022/06/28;"Disponibilité du parc nucléaire";27.41533
2022/06/29;"Disponibilité du parc nucléaire";28.82151
2022/06/30;"Disponibilité du parc nucléaire";28.985
2022/07/01;"Disponibilité du parc nucléaire";29.31938
2022/07/02;"Disponibilité du parc nucléaire";28.26017
2022/07/03;"Disponibilité du parc nucléaire";28.09888
2022/07/04;"Disponibilité du parc nucléaire";27.94042
2022/07/05;"Disponibilité du parc nucléaire";28.37563
2022/07/06;"Disponibilité du parc nucléaire";27.61
2022/07/07;"Disponibilité du parc nucléaire";28.46788
2022/07/08;"Disponibilité du parc nucléaire";28.53584
2022/07/09;"Disponibilité du parc nucléaire";27.99551
2022/07/10;"Disponibilité du parc nucléaire";27.37192
2022/07/11;"Disponibilité du parc nucléaire";29.45308
2022/07/12;"Disponibilité du parc nucléaire";29.68771
2022/07/13;"Disponibilité du parc nucléaire";27.92583
2022/07/14;"Disponibilité du parc nucléaire";27.39062
2022/07/15;"Disponibilité du parc nucléaire";26.76566
2022/07/16;"Disponibilité du parc nucléaire";25.78876
2022/07/17;"Disponibilité du parc nucléaire";25.05817
2022/07/18;"Disponibilité du parc nucléaire";25.55667
2022/07/19;"Disponibilité du parc nucléaire";25.41292
2022/07/20;"Disponibilité du parc nucléaire";26.07854
2022/07/21;"Disponibilité du parc nucléaire";26.83087
2022/07/22;"Disponibilité du parc nucléaire";26.76742
2022/07/23;"Disponibilité du parc nucléaire";26.2052
2022/07/24;"Disponibilité du parc nucléaire";25.60013
2022/07/25;"Disponibilité du parc nucléaire";24.91033
2022/07/26;"Disponibilité du parc nucléaire";25.02825
2022/07/27;"Disponibilité du parc nucléaire";25.39108
2022/07/28;"Disponibilité du parc nucléaire";26.07708
2022/07/29;"Disponibilité du parc nucléaire";26.23832
2022/07/30;"Disponibilité du parc nucléaire";26.22954
2022/07/31;"Disponibilité du parc nucléaire";25.59104
2022/08/01;"Disponibilité du parc nucléaire";25.71584
2022/08/02;"Disponibilité du parc nucléaire";27.328
2022/08/03;"Disponibilité du parc nucléaire";28.30463
2022/08/04;"Disponibilité du parc nucléaire";28.03825
2022/08/05;"Disponibilité du parc nucléaire";26.43846
2022/08/06;"Disponibilité du parc nucléaire";26.27429
2022/08/07;"Disponibilité du parc nucléaire";26.81229
2022/08/08;"Disponibilité du parc nucléaire";27.73408
2022/08/09;"Disponibilité du parc nucléaire";28.04058
2022/08/10;"Disponibilité du parc nucléaire";27.99184
2022/08/11;"Disponibilité du parc nucléaire";26.30454
2022/08/12;"Disponibilité du parc nucléaire";26.77442
2022/08/13;"Disponibilité du parc nucléaire";25.76126
2022/08/14;"Disponibilité du parc nucléaire";25.93291
2022/08/15;"Disponibilité du parc nucléaire";26.33043
2022/08/16;"Disponibilité du parc nucléaire";26.60084
2022/08/17;"Disponibilité du parc nucléaire";27.03067
2022/08/18;"Disponibilité du parc nucléaire";28.46812
2022/08/19;"Disponibilité du parc nucléaire";28.37188
2022/08/20;"Disponibilité du parc nucléaire";24.69749
2022/08/21;"Disponibilité du parc nucléaire";24.63833
2022/08/22;"Disponibilité du parc nucléaire";25.00583
2022/08/23;"Disponibilité du parc nucléaire";25.27317
2022/08/24;"Disponibilité du parc nucléaire";24.78613
2022/08/25;"Disponibilité du parc nucléaire";24.06241
2022/08/26;"Disponibilité du parc nucléaire";24.08742
2022/08/27;"Disponibilité du parc nucléaire";22.12417
2022/08/28;"Disponibilité du parc nucléaire";21.86292
2022/08/29;"Disponibilité du parc nucléaire";24.297
2022/08/30;"Disponibilité du parc nucléaire";25.18755
2022/08/31;"Disponibilité du parc nucléaire";25.29542
2022/09/01;"Disponibilité du parc nucléaire";25.36708
2022/09/02;"Disponibilité du parc nucléaire";24.09292
2022/09/03;"Disponibilité du parc nucléaire";22.66042
2022/09/04;"Disponibilité du parc nucléaire";23.29458
2022/09/05;"Disponibilité du parc nucléaire";24.85296
2022/09/06;"Disponibilité du parc nucléaire";25.51684
2022/09/07;"Disponibilité du parc nucléaire";25.55421
2022/09/08;"Disponibilité du parc nucléaire";25.64646
2022/09/09;"Disponibilité du parc nucléaire";25.52979
2022/09/10;"Disponibilité du parc nucléaire";25.37211
2022/09/11;"Disponibilité du parc nucléaire";26.57541
2022/09/12;"Disponibilité du parc nucléaire";27.86529
2022/09/13;"Disponibilité du parc nucléaire";27.40163
2022/09/14;"Disponibilité du parc nucléaire";27.22283
2022/09/15;"Disponibilité du parc nucléaire";27.84792
2022/09/16;"Disponibilité du parc nucléaire";27.92167
2022/09/17;"Disponibilité du parc nucléaire";26.954
2022/09/18;"Disponibilité du parc nucléaire";27.34128
2022/09/19;"Disponibilité du parc nucléaire";28.47849
2022/09/20;"Disponibilité du parc nucléaire";28.34884
2022/09/21;"Disponibilité du parc nucléaire";28.64933
2022/09/22;"Disponibilité du parc nucléaire";27.88038
2022/09/23;"Disponibilité du parc nucléaire";27.88625
2022/09/24;"Disponibilité du parc nucléaire";27.56696
2022/09/25;"Disponibilité du parc nucléaire";28.29663
2022/09/26;"Disponibilité du parc nucléaire";28.63334
2022/09/27;"Disponibilité du parc nucléaire";29.39108
2022/09/28;"Disponibilité du parc nucléaire";29.34608
2022/09/29;"Disponibilité du parc nucléaire";27.31558
2022/09/30;"Disponibilité du parc nucléaire";27.30329
2022/10/01;"Disponibilité du parc nucléaire";27.17793
2022/10/02;"Disponibilité du parc nucléaire";26.67375
2022/10/03;"Disponibilité du parc nucléaire";26.82292
2022/10/04;"Disponibilité du parc nucléaire";27.38142
2022/10/05;"Disponibilité du parc nucléaire";26.94345
2022/10/06;"Disponibilité du parc nucléaire";26.42449
2022/10/07;"Disponibilité du parc nucléaire";27.44
2022/10/08;"Disponibilité du parc nucléaire";28.49925
2022/10/09;"Disponibilité du parc nucléaire";29.5
2022/10/10;"Disponibilité du parc nucléaire";30.14562
2022/10/11;"Disponibilité du parc nucléaire";30.25
2022/10/12;"Disponibilité du parc nucléaire";30.18917
2022/10/13;"Disponibilité du parc nucléaire";29.59483
2022/10/14;"Disponibilité du parc nucléaire";29.74075
2022/10/15;"Disponibilité du parc nucléaire";27.60909
2022/10/16;"Disponibilité du parc nucléaire";27.75109
2022/10/17;"Disponibilité du parc nucléaire";27.78554
2022/10/18;"Disponibilité du parc nucléaire";28.46375
2022/10/19;"Disponibilité du parc nucléaire";27.76012
2022/10/20;"Disponibilité du parc nucléaire";27.11221
2022/10/21;"Disponibilité du parc nucléaire";28.50762
2022/10/22;"Disponibilité du parc nucléaire";31.125
2022/10/23;"Disponibilité du parc nucléaire";31.62217
2022/10/24;"Disponibilité du parc nucléaire";32.06208
2022/10/25;"Disponibilité du parc nucléaire";32.03708
2022/10/26;"Disponibilité du parc nucléaire";30.31208
2022/10/27;"Disponibilité du parc nucléaire";30.04208
2022/10/28;"Disponibilité du parc nucléaire";30.275
2022/10/29;"Disponibilité du parc nucléaire";27.23478
2022/10/30;"Disponibilité du parc nucléaire";26.89478
2022/10/31;"Disponibilité du parc nucléaire";29.37655
2022/11/01;"Disponibilité du parc nucléaire";28.61333
2022/11/02;"Disponibilité du parc nucléaire";29.40211
2022/11/03;"Disponibilité du parc nucléaire";29.97042
2022/11/04;"Disponibilité du parc nucléaire";30.14875
2022/11/05;"Disponibilité du parc nucléaire";30.15833
2022/11/06;"Disponibilité du parc nucléaire";30.14842
2022/11/07;"Disponibilité du parc nucléaire";30.40046
2022/11/08;"Disponibilité du parc nucléaire";31.17354
2022/11/09;"Disponibilité du parc nucléaire";31.22
2022/11/10;"Disponibilité du parc nucléaire";31.13604
2022/11/11;"Disponibilité du parc nucléaire";30.56542
2022/11/12;"Disponibilité du parc nucléaire";30.4525
2022/11/13;"Disponibilité du parc nucléaire";30.39129
2022/11/14;"Disponibilité du parc nucléaire";31.09375
2022/11/15;"Disponibilité du parc nucléaire";31.18292
2022/11/16;"Disponibilité du parc nucléaire";31.15767
2022/11/17;"Disponibilité du parc nucléaire";31.4332
2022/11/18;"Disponibilité du parc nucléaire";31.939
2022/11/19;"Disponibilité du parc nucléaire";31.07213
2022/11/20;"Disponibilité du parc nucléaire";31.41942
2022/11/21;"Disponibilité du parc nucléaire";32.15092
2022/11/22;"Disponibilité du parc nucléaire";32.41888
2022/11/23;"Disponibilité du parc nucléaire";32.85688
2022/11/24;"Disponibilité du parc nucléaire";33.5915
2022/11/25;"Disponibilité du parc nucléaire";33.62433
2022/11/26;"Disponibilité du parc nucléaire";32.42333
2022/11/27;"Disponibilité du parc nucléaire";31.46262
2022/11/28;"Disponibilité du parc nucléaire";33.50871
2022/11/29;"Disponibilité du parc nucléaire";34.65346
2022/11/30;"Disponibilité du parc nucléaire";35.34263
2022/12/01;"Disponibilité du parc nucléaire";35.23858
2022/12/02;"Disponibilité du parc nucléaire";35.95104
2022/12/03;"Disponibilité du parc nucléaire";36.16607
2022/12/04;"Disponibilité du parc nucléaire";37.57079
2022/12/05;"Disponibilité du parc nucléaire";37.18458
2022/12/06;"Disponibilité du parc nucléaire";37.12375
2022/12/07;"Disponibilité du parc nucléaire";37.13042
2022/12/08;"Disponibilité du parc nucléaire";37.66301
2022/12/09;"Disponibilité du parc nucléaire";39.20042
2022/12/10;"Disponibilité du parc nucléaire";39.51999
2022/12/11;"Disponibilité du parc nucléaire";39.98958
2022/12/12;"Disponibilité du parc nucléaire";40.69083
2022/12/13;"Disponibilité du parc nucléaire";41.03542
2022/12/14;"Disponibilité du parc nucléaire";41.285
2022/12/15;"Disponibilité du parc nucléaire";41.375
2022/12/16;"Disponibilité du parc nucléaire";41.64458
2022/12/17;"Disponibilité du parc nucléaire";41.655
2022/12/18;"Disponibilité du parc nucléaire";40.80208
2022/12/19;"Disponibilité du parc nucléaire";40.76167
2022/12/20;"Disponibilité du parc nucléaire";40.83625
2022/12/21;"Disponibilité du parc nucléaire";40.905
2022/12/22;"Disponibilité du parc nucléaire";40.94917
2022/12/23;"Disponibilité du parc nucléaire";39.28771
2022/12/24;"Disponibilité du parc nucléaire";36.32488
2022/12/25;"Disponibilité du parc nucléaire";36.90529
2022/12/26;"Disponibilité du parc nucléaire";35.36654
2022/12/27;"Disponibilité du parc nucléaire";38.55562
2022/12/28;"Disponibilité du parc nucléaire";40.01858
2022/12/29;"Disponibilité du parc nucléaire";35.58071
2022/12/30;"Disponibilité du parc nucléaire";33.73483
2022/12/31;"Disponibilité du parc nucléaire";32.10441
2023/01/01;"Disponibilité du parc nucléaire";33.4223
2023/01/02;"Disponibilité du parc nucléaire";40.42222
2023/01/03;"Disponibilité du parc nucléaire";41.98074
2023/01/04;"Disponibilité du parc nucléaire";41.97864
2023/01/05;"Disponibilité du parc nucléaire";42.76633
2023/01/06;"Disponibilité du parc nucléaire";42.93208
2023/01/07;"Disponibilité du parc nucléaire";43.10599
2023/01/08;"Disponibilité du parc nucléaire";40.70455
2023/01/09;"Disponibilité du parc nucléaire";44.13726
2023/01/10;"Disponibilité du parc nucléaire";44.87871
2023/01/11;"Disponibilité du parc nucléaire";45.00725
2023/01/12;"Disponibilité du parc nucléaire";44.02245
2023/01/13;"Disponibilité du parc nucléaire";44.086
2023/01/14;"Disponibilité du parc nucléaire";42.03759
2023/01/15;"Disponibilité du parc nucléaire";40.92603
2023/01/16;"Disponibilité du parc nucléaire";44.12546
2023/01/17;"Disponibilité du parc nucléaire";44.091
2023/01/18;"Disponibilité du parc nucléaire";43.46832
2023/01/19;"Disponibilité du parc nucléaire";40.05547
2023/01/20;"Disponibilité du parc nucléaire";42.26162
2023/01/21;"Disponibilité du parc nucléaire";42.366
2023/01/22;"Disponibilité du parc nucléaire";42.97058
2023/01/23;"Disponibilité du parc nucléaire";43.301
2023/01/24;"Disponibilité du parc nucléaire";43.301
2023/01/25;"Disponibilité du parc nucléaire";43.28033
2023/01/26;"Disponibilité du parc nucléaire";44.05399
2023/01/27;"Disponibilité du parc nucléaire";44.0395
2023/01/28;"Disponibilité du parc nucléaire";44.52042
2023/01/29;"Disponibilité du parc nucléaire";44.14238
2023/01/30;"Disponibilité du parc nucléaire";43.09401
2023/01/31;"Disponibilité du parc nucléaire";43.08036
2023/02/01;"Disponibilité du parc nucléaire";44.15429
2023/02/02;"Disponibilité du parc nucléaire";45.08125
2023/02/03;"Disponibilité du parc nucléaire";46.09117
2023/02/04;"Disponibilité du parc nucléaire";46.15375
2023/02/05;"Disponibilité du parc nucléaire";45.94512
2023/02/06;"Disponibilité du parc nucléaire";45.24275
2023/02/07;"Disponibilité du parc nucléaire";43.70809
2023/02/08;"Disponibilité du parc nucléaire";45.62333
2023/02/09;"Disponibilité du parc nucléaire";45.86167
2023/02/10;"Disponibilité du parc nucléaire";46.6125
2023/02/11;"Disponibilité du parc nucléaire";45.40646
2023/02/12;"Disponibilité du parc nucléaire";45.02817
2023/02/13;"Disponibilité du parc nucléaire";44.91875
2023/02/14;"Disponibilité du parc nucléaire";45.05292
2023/02/15;"Disponibilité du parc nucléaire";44.56241
2023/02/16;"Disponibilité du parc nucléaire";43.34975
2023/02/17;"Disponibilité du parc nucléaire";44.04625
2023/02/18;"Disponibilité du parc nucléaire";42.76854
2023/02/19;"Disponibilité du parc nucléaire";42.12292
2023/02/20;"Disponibilité du parc nucléaire";41.93562
2023/02/21;"Disponibilité du parc nucléaire";41.95
2023/02/22;"Disponibilité du parc nucléaire";42.28084
2023/02/23;"Disponibilité du parc nucléaire";42.30633
2023/02/24;"Disponibilité du parc nucléaire";42.14584
2023/02/25;"Disponibilité du parc nucléaire";39.98354
2023/02/26;"Disponibilité du parc nucléaire";39.07521
2023/02/27;"Disponibilité du parc nucléaire";39.57292
2023/02/28;"Disponibilité du parc nucléaire";39.615
2023/03/01;"Disponibilité du parc nucléaire";39.461
2023/03/02;"Disponibilité du parc nucléaire";39.615
2023/03/03;"Disponibilité du parc nucléaire";38.86105
2023/03/04;"Disponibilité du parc nucléaire";34.90184
2023/03/05;"Disponibilité du parc nucléaire";34.32417
2023/03/06;"Disponibilité du parc nucléaire";35.50026
2023/03/07;"Disponibilité du parc nucléaire";37.153
2023/03/08;"Disponibilité du parc nucléaire";36.62384
2023/03/09;"Disponibilité du parc nucléaire";35.85394
2023/03/10;"Disponibilité du parc nucléaire";34.21691
2023/03/11;"Disponibilité du parc nucléaire";36.80593
2023/03/12;"Disponibilité du parc nucléaire";33.75032
2023/03/13;"Disponibilité du parc nucléaire";32.99651
2023/03/14;"Disponibilité du parc nucléaire";35.37646
2023/03/15;"Disponibilité du parc nucléaire";37.35417
2023/03/16;"Disponibilité du parc nucléaire";37.06788
2023/03/17;"Disponibilité du parc nucléaire";36.88142
2023/03/18;"Disponibilité du parc nucléaire";35.72595
2023/03/19;"Disponibilité du parc nucléaire";34.4199
2023/03/20;"Disponibilité du parc nucléaire";34.95938
2023/03/21;"Disponibilité du parc nucléaire";36.73313
2023/03/22;"Disponibilité du parc nucléaire";36.61937
2023/03/23;"Disponibilité du parc nucléaire";35.71395
2023/03/24;"Disponibilité du parc nucléaire";36.11167
2023/03/25;"Disponibilité du parc nucléaire";35.57137
2023/03/26;"Disponibilité du parc nucléaire";36.18979
2023/03/27;"Disponibilité du parc nucléaire";34.80917
2023/03/28;"Disponibilité du parc nucléaire";35.50563
2023/03/29;"Disponibilité du parc nucléaire";36.26958
2023/03/30;"Disponibilité du parc nucléaire";36.54742
2023/03/31;"Disponibilité du parc nucléaire";35.63029
2023/04/01;"Disponibilité du parc nucléaire";36.605
2023/04/02;"Disponibilité du parc nucléaire";36.64208
2023/04/03;"Disponibilité du parc nucléaire";37.13541
2023/04/04;"Disponibilité du parc nucléaire";38.56679
2023/04/05;"Disponibilité du parc nucléaire";38.14746
2023/04/06;"Disponibilité du parc nucléaire";37.70751
2023/04/07;"Disponibilité du parc nucléaire";37.12125
2023/04/08;"Disponibilité du parc nucléaire";36.03821
2023/04/09;"Disponibilité du parc nucléaire";35.23225
2023/04/10;"Disponibilité du parc nucléaire";34.08937
2023/04/11;"Disponibilité du parc nucléaire";34.8045
2023/04/12;"Disponibilité du parc nucléaire";34.29679
2023/04/13;"Disponibilité du parc nucléaire";35.13708
2023/04/14;"Disponibilité du parc nucléaire";36.0975
2023/04/15;"Disponibilité du parc nucléaire";34.93
2023/04/16;"Disponibilité du parc nucléaire";34.80458
2023/04/17;"Disponibilité du parc nucléaire";35.13163
2023/04/18;"Disponibilité du parc nucléaire";35.47604
2023/04/19;"Disponibilité du parc nucléaire";35.86916
2023/04/20;"Disponibilité du parc nucléaire";36.05938
2023/04/21;"Disponibilité du parc nucléaire";35.9355
2023/04/22;"Disponibilité du parc nucléaire";36.058
2023/04/23;"Disponibilité du parc nucléaire";35.30813
2023/04/24;"Disponibilité du parc nucléaire";36.364
2023/04/25;"Disponibilité du parc nucléaire";36.80971
2023/04/26;"Disponibilité du parc nucléaire";37.27209
2023/04/27;"Disponibilité du parc nucléaire";38.95145
2023/04/28;"Disponibilité du parc nucléaire";38.79679
2023/04/29;"Disponibilité du parc nucléaire";38.13362
2023/04/30;"Disponibilité du parc nucléaire";37.26488
2023/05/01;"Disponibilité du parc nucléaire";38.12425
2023/05/02;"Disponibilité du parc nucléaire";37.483
2023/05/03;"Disponibilité du parc nucléaire";37.44933
2023/05/04;"Disponibilité du parc nucléaire";37.41333
2023/05/05;"Disponibilité du parc nucléaire";36.989
2023/05/06;"Disponibilité du parc nucléaire";35.75
2023/05/07;"Disponibilité du parc nucléaire";35.68
2023/05/08;"Disponibilité du parc nucléaire";35.94508
2023/05/09;"Disponibilité du parc nucléaire";35.96992
2023/05/10;"Disponibilité du parc nucléaire";35.78033
2023/05/11;"Disponibilité du parc nucléaire";36.17492
2023/05/12;"Disponibilité du parc nucléaire";36.52742
2023/05/13;"Disponibilité du parc nucléaire";34.722
2023/05/14;"Disponibilité du parc nucléaire";35.47387
2023/05/15;"Disponibilité du parc nucléaire";37.05283
2023/05/16;"Disponibilité du parc nucléaire";37.00575
2023/05/17;"Disponibilité du parc nucléaire";36.88992
2023/05/18;"Disponibilité du parc nucléaire";36.97696
2023/05/19;"Disponibilité du parc nucléaire";37.27559
2023/05/20;"Disponibilité du parc nucléaire";35.54566
2023/05/21;"Disponibilité du parc nucléaire";35.63778
2023/05/22;"Disponibilité du parc nucléaire";36.41229
2023/05/23;"Disponibilité du parc nucléaire";37.40717
2023/05/24;"Disponibilité du parc nucléaire";36.77708
2023/05/25;"Disponibilité du parc nucléaire";35.96916
2023/05/26;"Disponibilité du parc nucléaire";35.56417
2023/05/27;"Disponibilité du parc nucléaire";32.27917
2023/05/28;"Disponibilité du parc nucléaire";32.73145
2023/05/29;"Disponibilité du parc nucléaire";33.51062
2023/05/30;"Disponibilité du parc nucléaire";33.60542
2023/05/31;"Disponibilité du parc nucléaire";33.89666
2023/06/01;"Disponibilité du parc nucléaire";33.73
2023/06/02;"Disponibilité du parc nucléaire";33.375
2023/06/03;"Disponibilité du parc nucléaire";32.38625
2023/06/04;"Disponibilité du parc nucléaire";32.15416
2023/06/05;"Disponibilité du parc nucléaire";32.4
2023/06/06;"Disponibilité du parc nucléaire";32.4
2023/06/07;"Disponibilité du parc nucléaire";32.4
2023/06/08;"Disponibilité du parc nucléaire";31.79167
2023/06/09;"Disponibilité du parc nucléaire";31.73916
2023/06/10;"Disponibilité du parc nucléaire";31.63604
2023/06/11;"Disponibilité du parc nucléaire";31.68334
2023/06/12;"Disponibilité du parc nucléaire";33.02083
2023/06/13;"Disponibilité du parc nucléaire";31.915
2023/06/14;"Disponibilité du parc nucléaire";32.16563
2023/06/15;"Disponibilité du parc nucléaire";32.11667
2023/06/16;"Disponibilité du parc nucléaire";32.44313
2023/06/17;"Disponibilité du parc nucléaire";32.32762
2023/06/18;"Disponibilité du parc nucléaire";31.97287
2023/06/19;"Disponibilité du parc nucléaire";32.31726
2023/06/20;"Disponibilité du parc nucléaire";33.09042
2023/06/21;"Disponibilité du parc nucléaire";35.22187
2023/06/22;"Disponibilité du parc nucléaire";34.98871
2023/06/23;"Disponibilité du parc nucléaire";35.50078
2023/06/24;"Disponibilité du parc nucléaire";35.30418
2023/06/25;"Disponibilité du parc nucléaire";35.09025
2023/06/26;"Disponibilité du parc nucléaire";36.55167
2023/06/27;"Disponibilité du parc nucléaire";36.44375
2023/06/28;"Disponibilité du parc nucléaire";35.74408
2023/06/29;"Disponibilité du parc nucléaire";35.54079
2023/06/30;"Disponibilité du parc nucléaire";35.19508
2023/07/01;"Disponibilité du parc nucléaire";36.09459
2023/07/02;"Disponibilité du parc nucléaire";34.01715
2023/07/03;"Disponibilité du parc nucléaire";35.84422
2023/07/04;"Disponibilité du parc nucléaire";35.98058
2023/07/05;"Disponibilité du parc nucléaire";35.66187
2023/07/06;"Disponibilité du parc nucléaire";35.79292
2023/07/07;"Disponibilité du parc nucléaire";36.76833
2023/07/08;"Disponibilité du parc nucléaire";35.76883
2023/07/09;"Disponibilité du parc nucléaire";34.91778
2023/07/10;"Disponibilité du parc nucléaire";34.25458
2023/07/11;"Disponibilité du parc nucléaire";32.72584
2023/07/12;"Disponibilité du parc nucléaire";32.12874
2023/07/13;"Disponibilité du parc nucléaire";33.80604
2023/07/14;"Disponibilité du parc nucléaire";35.4973
2023/07/15;"Disponibilité du parc nucléaire";33.33017
2023/07/16;"Disponibilité du parc nucléaire";32.4279
2023/07/17;"Disponibilité du parc nucléaire";35.94179
2023/07/18;"Disponibilité du parc nucléaire";35.90283
2023/07/19;"Disponibilité du parc nucléaire";35.925
2023/07/20;"Disponibilité du parc nucléaire";36.07104
2023/07/21;"Disponibilité du parc nucléaire";36.53725
2023/07/22;"Disponibilité du parc nucléaire";36.10109
2023/07/23;"Disponibilité du parc nucléaire";34.53537
2023/07/24;"Disponibilité du parc nucléaire";36.31858
2023/07/25;"Disponibilité du parc nucléaire";35.74916
2023/07/26;"Disponibilité du parc nucléaire";35.27501
2023/07/27;"Disponibilité du parc nucléaire";35.23542
2023/07/28;"Disponibilité du parc nucléaire";35.2375
2023/07/29;"Disponibilité du parc nucléaire";32.35521
2023/07/30;"Disponibilité du parc nucléaire";31.21829
2023/07/31;"Disponibilité du parc nucléaire";33.14791
2023/08/01;"Disponibilité du parc nucléaire";33.45571
2023/08/02;"Disponibilité du parc nucléaire";34.09954
2023/08/03;"Disponibilité du parc nucléaire";32.71713
2023/08/04;"Disponibilité du parc nucléaire";32.52641
2023/08/05;"Disponibilité du parc nucléaire";30.75679
2023/08/06;"Disponibilité du parc nucléaire";31.47251
2023/08/07;"Disponibilité du parc nucléaire";32.49592
2023/08/08;"Disponibilité du parc nucléaire";32.39812
2023/08/09;"Disponibilité du parc nucléaire";33.31625
2023/08/10;"Disponibilité du parc nucléaire";32.69709
2023/08/11;"Disponibilité du parc nucléaire";35.45876
2023/08/12;"Disponibilité du parc nucléaire";33.5927
2023/08/13;"Disponibilité du parc nucléaire";33.29812
2023/08/14;"Disponibilité du parc nucléaire";34.18262
2023/08/15;"Disponibilité du parc nucléaire";33.47667
2023/08/16;"Disponibilité du parc nucléaire";34.92304
2023/08/17;"Disponibilité du parc nucléaire";38.28417
2023/08/18;"Disponibilité du parc nucléaire";36.81645
2023/08/19;"Disponibilité du parc nucléaire";36.23121
2023/08/20;"Disponibilité du parc nucléaire";36.73438
2023/08/21;"Disponibilité du parc nucléaire";35.33887
2023/08/22;"Disponibilité du parc nucléaire";33.53304
2023/08/23;"Disponibilité du parc nucléaire";35.50366
2023/08/24;"Disponibilité du parc nucléaire";35.50821
2023/08/25;"Disponibilité du parc nucléaire";35.25612
2023/08/26;"Disponibilité du parc nucléaire";35.94699
2023/08/27;"Disponibilité du parc nucléaire";36.3437
2023/08/28;"Disponibilité du parc nucléaire";36.36012
2023/08/29;"Disponibilité du parc nucléaire";36.76771
2023/08/30;"Disponibilité du parc nucléaire";36.879
2023/08/31;"Disponibilité du parc nucléaire";37.06892
2023/09/01;"Disponibilité du parc nucléaire";37.33584
2023/09/02;"Disponibilité du parc nucléaire";37.22466
2023/09/03;"Disponibilité du parc nucléaire";38.34575
2023/09/04;"Disponibilité du parc nucléaire";39.95208
2023/09/05;"Disponibilité du parc nucléaire";40.46592
2023/09/06;"Disponibilité du parc nucléaire";40.678
2023/09/07;"Disponibilité du parc nucléaire";41.27395
2023/09/08;"Disponibilité du parc nucléaire";41.22791
2023/09/09;"Disponibilité du parc nucléaire";39.99479
2023/09/10;"Disponibilité du parc nucléaire";40.41075
2023/09/11;"Disponibilité du parc nucléaire";40.3535
2023/09/12;"Disponibilité du parc nucléaire";40.63374
2023/09/13;"Disponibilité du parc nucléaire";41.01625
2023/09/14;"Disponibilité du parc nucléaire";42.68291
2023/09/15;"Disponibilité du parc nucléaire";43.1735
2023/09/16;"Disponibilité du parc nucléaire";41.52591
2023/09/17;"Disponibilité du parc nucléaire";39.89612
2023/09/18;"Disponibilité du parc nucléaire";41.30445
2023/09/19;"Disponibilité du parc nucléaire";39.92491
2023/09/20;"Disponibilité du parc nucléaire";39.95416
2023/09/21;"Disponibilité du parc nucléaire";40.0102
2023/09/22;"Disponibilité du parc nucléaire";39.95188
2023/09/23;"Disponibilité du parc nucléaire";37.6995
2023/09/24;"Disponibilité du parc nucléaire";37.67171
2023/09/25;"Disponibilité du parc nucléaire";37.9785
2023/09/26;"Disponibilité du parc nucléaire";39.3795
2023/09/27;"Disponibilité du parc nucléaire";39.04179
2023/09/28;"Disponibilité du parc nucléaire";39.00283
2023/09/29;"Disponibilité du parc nucléaire";40.233
2023/09/30;"Disponibilité du parc nucléaire";38.64937
2023/10/01;"Disponibilité du parc nucléaire";38.45708
2023/10/02;"Disponibilité du parc nucléaire";38.67229
2023/10/03;"Disponibilité du parc nucléaire";39.67063
2023/10/04;"Disponibilité du parc nucléaire";40.45958
2023/10/05;"Disponibilité du parc nucléaire";39.92517
2023/10/06;"Disponibilité du parc nucléaire";39.86476
2023/10/07;"Disponibilité du parc nucléaire";38.93279
2023/10/08;"Disponibilité du parc nucléaire";39.27125
2023/10/09;"Disponibilité du parc nucléaire";40.8625
2023/10/10;"Disponibilité du parc nucléaire";41.6
2023/10/11;"Disponibilité du parc nucléaire";40.97853
2023/10/12;"Disponibilité du parc nucléaire";39.83428
2023/10/13;"Disponibilité du parc nucléaire";40.68625
2023/10/14;"Disponibilité du parc nucléaire";41.54684
2023/10/15;"Disponibilité du parc nucléaire";42.75375
2023/10/16;"Disponibilité du parc nucléaire";42.21042
2023/10/17;"Disponibilité du parc nucléaire";41.91
2023/10/18;"Disponibilité du parc nucléaire";42.39204
2023/10/19;"Disponibilité du parc nucléaire";43.00646
2023/10/20;"Disponibilité du parc nucléaire";42.84792
2023/10/21;"Disponibilité du parc nucléaire";39.59051
2023/10/22;"Disponibilité du parc nucléaire";40.93295
2023/10/23;"Disponibilité du parc nucléaire";41.365
2023/10/24;"Disponibilité du parc nucléaire";41.365
2023/10/25;"Disponibilité du parc nucléaire";41.365
2023/10/26;"Disponibilité du parc nucléaire";40.69062
2023/10/27;"Disponibilité du parc nucléaire";41.74855
2023/10/28;"Disponibilité du parc nucléaire";38.62904
2023/10/29;"Disponibilité du parc nucléaire";38.34808
2023/10/30;"Disponibilité du parc nucléaire";38.22775
2023/10/31;"Disponibilité du parc nucléaire";39.50525
2023/11/01;"Disponibilité du parc nucléaire";40.22942
2023/11/02;"Disponibilité du parc nucléaire";40.69816
2023/11/03;"Disponibilité du parc nucléaire";40.72041
2023/11/04;"Disponibilité du parc nucléaire";38.70358
2023/11/05;"Disponibilité du parc nucléaire";36.35837
2023/11/06;"Disponibilité du parc nucléaire";35.27859
2023/11/07;"Disponibilité du parc nucléaire";37.06733
2023/11/08;"Disponibilité du parc nucléaire";37.01609
2023/11/09;"Disponibilité du parc nucléaire";37.7785
2023/11/10;"Disponibilité du parc nucléaire";38.47734
2023/11/11;"Disponibilité du parc nucléaire";37.84396
2023/11/12;"Disponibilité du parc nucléaire";36.97667
2023/11/13;"Disponibilité du parc nucléaire";36.36171
2023/11/14;"Disponibilité du parc nucléaire";37.70058
2023/11/15;"Disponibilité du parc nucléaire";38.62308
2023/11/16;"Disponibilité du parc nucléaire";40.20083
2023/11/17;"Disponibilité du parc nucléaire";40.67883
2023/11/18;"Disponibilité du parc nucléaire";41.14207
2023/11/19;"Disponibilité du parc nucléaire";41.13218
2023/11/20;"Disponibilité du parc nucléaire";40.65484
2023/11/21;"Disponibilité du parc nucléaire";41.8663
2023/11/22;"Disponibilité du parc nucléaire";41.705
2023/11/23;"Disponibilité du parc nucléaire";43.00083
2023/11/24;"Disponibilité du parc nucléaire";43.71483
2023/11/25;"Disponibilité du parc nucléaire";42.36614
2023/11/26;"Disponibilité du parc nucléaire";43.29971
2023/11/27;"Disponibilité du parc nucléaire";43.50938
2023/11/28;"Disponibilité du parc nucléaire";43.62584
2023/11/29;"Disponibilité du parc nucléaire";43.525
2023/11/30;"Disponibilité du parc nucléaire";43.49916
2023/12/01;"Disponibilité du parc nucléaire";42.85271
2023/12/02;"Disponibilité du parc nucléaire";41.60896
2023/12/03;"Disponibilité du parc nucléaire";42.12175
2023/12/04;"Disponibilité du parc nucléaire";43.72312
2023/12/05;"Disponibilité du parc nucléaire";44.96679
2023/12/06;"Disponibilité du parc nucléaire";45.54917
2023/12/07;"Disponibilité du parc nucléaire";45.80042
2023/12/08;"Disponibilité du parc nucléaire";45.16655
2023/12/09;"Disponibilité du parc nucléaire";43.94787
2023/12/10;"Disponibilité du parc nucléaire";43.42362
2023/12/11;"Disponibilité du parc nucléaire";44.16987
2023/12/12;"Disponibilité du parc nucléaire";44.8255
2023/12/13;"Disponibilité du parc nucléaire";44.94868
2023/12/14;"Disponibilité du parc nucléaire";45.23167
2023/12/15;"Disponibilité du parc nucléaire";46.22621
2023/12/16;"Disponibilité du parc nucléaire";46.90684
2023/12/17;"Disponibilité du parc nucléaire";47.66417
2023/12/18;"Disponibilité du parc nucléaire";48.77958
2023/12/19;"Disponibilité du parc nucléaire";47.58317
2023/12/20;"Disponibilité du parc nucléaire";47.3328
2023/12/21;"Disponibilité du parc nucléaire";45.21729
2023/12/22;"Disponibilité du parc nucléaire";45.73308
2023/12/23;"Disponibilité du parc nucléaire";44.11554
2023/12/24;"Disponibilité du parc nucléaire";43.56713
2023/12/25;"Disponibilité du parc nucléaire";42.90954
2023/12/26;"Disponibilité du parc nucléaire";42.94579
2023/12/27;"Disponibilité du parc nucléaire";43.00304
2023/12/28;"Disponibilité du parc nucléaire";42.0925
2023/12/29;"Disponibilité du parc nucléaire";43.90958
2023/12/30;"Disponibilité du parc nucléaire";44.12583
2023/12/31;"Disponibilité du parc nucléaire";44.91663
2024/01/01;"Disponibilité du parc nucléaire";46.09043
2024/01/02;"Disponibilité du parc nucléaire";47.39183
2024/01/03;"Disponibilité du parc nucléaire";47.70925
2024/01/04;"Disponibilité du parc nucléaire";47.32675
2024/01/05;"Disponibilité du parc nucléaire";48.17863
2024/01/06;"Disponibilité du parc nucléaire";48.58575
2024/01/07;"Disponibilité du parc nucléaire";49.5775
2024/01/08;"Disponibilité du parc nucléaire";49.80771
2024/01/09;"Disponibilité du parc nucléaire";50.46104
2024/01/10;"Disponibilité du parc nucléaire";51.3585
2024/01/11;"Disponibilité du parc nucléaire";50.623
2024/01/12;"Disponibilité du parc nucléaire";49.86825
2024/01/13;"Disponibilité du parc nucléaire";49.39183
2024/01/14;"Disponibilité du parc nucléaire";50.98072
2024/01/15;"Disponibilité du parc nucléaire";51.94792
2024/01/16;"Disponibilité du parc nucléaire";51.84017
2024/01/17;"Disponibilité du parc nucléaire";51.48742
2024/01/18;"Disponibilité du parc nucléaire";51.47996
2024/01/19;"Disponibilité du parc nucléaire";51.28579
2024/01/20;"Disponibilité du parc nucléaire";48.69632
2024/01/21;"Disponibilité du parc nucléaire";49.25217
2024/01/22;"Disponibilité du parc nucléaire";50.747
2024/01/23;"Disponibilité du parc nucléaire";49.28062
2024/01/24;"Disponibilité du parc nucléaire";49.53916
2024/01/25;"Disponibilité du parc nucléaire";49.0535
2024/01/26;"Disponibilité du parc nucléaire";48.986
2024/01/27;"Disponibilité du parc nucléaire";49.21013
2024/01/28;"Disponibilité du parc nucléaire";48.67601
2024/01/29;"Disponibilité du parc nucléaire";48.15625
2024/01/30;"Disponibilité du parc nucléaire";48.55604
2024/01/31;"Disponibilité du parc nucléaire";48.52708
2024/02/01;"Disponibilité du parc nucléaire";48.94804
2024/02/02;"Disponibilité du parc nucléaire";49.06049
2024/02/03;"Disponibilité du parc nucléaire";45.53645
2024/02/04;"Disponibilité du parc nucléaire";45.02441
2024/02/05;"Disponibilité du parc nucléaire";46.83975
2024/02/06;"Disponibilité du parc nucléaire";48.62854
2024/02/07;"Disponibilité du parc nucléaire";48.45267
2024/02/08;"Disponibilité du parc nucléaire";48.18729
2024/02/09;"Disponibilité du parc nucléaire";47.32187
2024/02/10;"Disponibilité du parc nucléaire";43.54887
2024/02/11;"Disponibilité du parc nucléaire";43.16105
2024/02/12;"Disponibilité du parc nucléaire";44.18217
2024/02/13;"Disponibilité du parc nucléaire";45.04266
2024/02/14;"Disponibilité du parc nucléaire";45.38834
2024/02/15;"Disponibilité du parc nucléaire";45.98938
2024/02/16;"Disponibilité du parc nucléaire";45.32858
2024/02/17;"Disponibilité du parc nucléaire";45.27138
2024/02/18;"Disponibilité du parc nucléaire";45.532
2024/02/19;"Disponibilité du parc nucléaire";46.11825
2024/02/20;"Disponibilité du parc nucléaire";45.53696
2024/02/21;"Disponibilité du parc nucléaire";45.57142
2024/02/22;"Disponibilité du parc nucléaire";45.6195
2024/02/23;"Disponibilité du parc nucléaire";44.40046
2024/02/24;"Disponibilité du parc nucléaire";41.30821
2024/02/25;"Disponibilité du parc nucléaire";41.24304
2024/02/26;"Disponibilité du parc nucléaire";42.40671
2024/02/27;"Disponibilité du parc nucléaire";42.75692
2024/02/28;"Disponibilité du parc nucléaire";42.48941
2024/02/29;"Disponibilité du parc nucléaire";43.03983
2024/03/01;"Disponibilité du parc nucléaire";43.344
2024/03/02;"Disponibilité du parc nucléaire";42.27962
2024/03/03;"Disponibilité du parc nucléaire";42.92151
2024/03/04;"Disponibilité du parc nucléaire";43.157
2024/03/05;"Disponibilité du parc nucléaire";43.02833
2024/03/06;"Disponibilité du parc nucléaire";43.034
2024/03/07;"Disponibilité du parc nucléaire";43.57242
2024/03/08;"Disponibilité du parc nucléaire";43.87495
2024/03/09;"Disponibilité du parc nucléaire";42.01291
2024/03/10;"Disponibilité du parc nucléaire";41.98604
2024/03/11;"Disponibilité du parc nucléaire";42.82417
2024/03/12;"Disponibilité du parc nucléaire";42.81354
2024/03/13;"Disponibilité du parc nucléaire";43.07542
2024/03/14;"Disponibilité du parc nucléaire";42.05888
2024/03/15;"Disponibilité du parc nucléaire";42.06917
2024/03/16;"Disponibilité du parc nucléaire";43.27942
2024/03/17;"Disponibilité du parc nucléaire";43.16332
2024/03/18;"Disponibilité du parc nucléaire";42.6275
2024/03/19;"Disponibilité du parc nucléaire";41.46063
2024/03/20;"Disponibilité du parc nucléaire";41.91375
2024/03/21;"Disponibilité du parc nucléaire";41.90479